Timestamp, DS18B20, DHT11, LM35DZ, BMP180, Thermistor, DHT22
12/4/2022 13:00,2362,2300,2734,2219,2373,2260
12/4/2022 13:00,2369,2300,2100,2220,2383,2260
12/4/2022 13:00,2375,2300,4688,2222,2393,2260
12/4/2022 13:01,2381,2300,2344,2221,2393,2260
12/4/2022 13:01,2381,2300,3027,2223,2393,2270
12/4/2022 13:01,2387,2300,3906,2222,2383,2270
12/4/2022 13:01,2387,2300,2148,2224,2403,2260
12/4/2022 13:01,2387,2300,2393,2225,2403,2270
12/4/2022 13:02,2394,2300,4346,2228,2403,2270
12/4/2022 13:02,2394,2300,2100,2230,2413,2270
12/4/2022 13:02,2400,2300,2295,2232,2423,2270
12/4/2022 13:02,2406,2300,2686,2235,2443,2280
12/4/2022 13:02,2406,2300,4541,2241,2433,2280
12/4/2022 13:02,2406,2300,2295,2238,2423,2280
12/4/2022 13:03,2412,2300,2393,2239,2423,2280
12/4/2022 13:03,2412,2300,4150,2242,2433,2280
12/4/2022 13:03,2412,2300,2344,2245,2413,2280
12/4/2022 13:03,2419,2300,2100,2248,2433,2290
12/4/2022 13:03,2412,2300,2051,2247,2433,2290
12/4/2022 13:03,2412,2300,2051,2248,2433,2290
12/4/2022 13:04,2419,2300,3857,2252,2453,2290
12/4/2022 13:04,2425,2300,2295,2251,2453,2290
12/4/2022 13:04,2425,2300,2246,2250,2443,2290
12/4/2022 13:04,2425,2300,2148,2248,2433,2300
12/4/2022 13:04,2425,2300,4395,2250,2433,2300
12/4/2022 13:05,2431,2300,2344,2252,2433,2300
12/4/2022 13:05,2425,2300,4541,2255,2433,2300
12/4/2022 13:05,2425,2300,3564,2254,2423,2300
12/4/2022 13:05,2431,2300,2051,2255,2443,2300
12/4/2022 13:05,2431,2300,4639,2254,2433,2310
12/4/2022 13:05,2437,2300,3760,2254,2433,2310
12/4/2022 13:06,2437,2300,4688,2254,2433,2310
12/4/2022 13:06,2437,2300,2197,2254,2443,2310
12/4/2022 13:06,2444,2300,2148,2254,2443,2310
12/4/2022 13:06,2444,2300,2295,2256,2443,2310
12/4/2022 13:06,2450,2300,4395,2258,2453,2310
12/4/2022 13:06,2444,2300,2197,2258,2463,2310
12/4/2022 13:07,2444,2300,2197,2259,2463,2310
12/4/2022 13:07,2444,2300,2295,2260,2453,2310
12/4/2022 13:07,2450,2300,4443,2257,2443,2310
12/4/2022 13:07,2450,2300,2148,2260,2443,2310
12/4/2022 13:07,2450,2300,2002,2260,2463,2310
12/4/2022 13:08,2450,2300,3613,2261,2463,2320
12/4/2022 13:08,2444,2300,2148,2262,2463,2320
12/4/2022 13:08,2450,2300,2100,2262,2453,2320
12/4/2022 13:08,2450,2300,2002,2262,2443,2320
12/4/2022 13:08,2450,2300,2100,2263,2453,2320
12/4/2022 13:08,2456,2300,2441,2264,2443,2320
12/4/2022 13:09,2456,2300,2246,2263,2443,2320
12/4/2022 13:09,2456,2300,2051,2264,2443,2320
12/4/2022 13:09,2456,2300,3271,2264,2443,2320
12/4/2022 13:09,2456,2300,2637,2265,2433,2320
12/4/2022 13:09,2456,2300,2148,2265,2433,2320
12/4/2022 13:09,2456,2300,3662,2266,2433,2320
12/4/2022 13:10,2462,2300,2637,2266,2433,2320
12/4/2022 13:10,2456,2300,2100,2272,2443,2320
12/4/2022 13:10,2462,2300,2148,2274,2453,2330
12/4/2022 13:10,2462,2300,4590,2274,2453,2330
12/4/2022 13:10,2462,2300,4199,2273,2443,2330
12/4/2022 13:11,2462,2300,3516,2272,2433,2330
12/4/2022 13:11,2456,2300,2148,2272,2433,2330
12/4/2022 13:11,2456,2300,3125,2272,2433,2330
12/4/2022 13:11,2462,2300,2051,2273,2443,2330
12/4/2022 13:11,2462,2300,2637,2273,2443,2330
12/4/2022 13:11,2462,2300,4785,2275,2473,2330
12/4/2022 13:12,2462,2300,2051,2276,2473,2330
12/4/2022 13:12,2469,2300,3271,2278,2443,2330
12/4/2022 13:12,2462,2300,4492,2281,2443,2330
12/4/2022 13:12,2462,2300,2051,2279,2433,2330
12/4/2022 13:12,2469,2300,3174,2280,2473,2330
12/4/2022 13:12,2462,2300,2490,2284,2443,2340
12/4/2022 13:13,2462,2300,3076,2288,2433,2340
12/4/2022 13:13,2469,2300,3076,2290,2443,2340
12/4/2022 13:13,2469,2400,3760,2287,2423,2340
12/4/2022 13:13,2469,2400,3076,2289,2463,2340
12/4/2022 13:13,2469,2400,3516,2288,2453,2340
12/4/2022 13:14,2469,2400,2051,2289,2443,2340
12/4/2022 13:14,2462,2400,2148,2290,2423,2340
12/4/2022 13:14,2469,2400,2441,2292,2453,2340
12/4/2022 13:14,2469,2400,4248,2292,2473,2340
12/4/2022 13:14,2469,2400,3809,2291,2423,2340
12/4/2022 13:14,2469,2400,2539,2289,2383,2340
12/4/2022 13:15,2462,2400,2246,2289,2393,2340
12/4/2022 13:15,2469,2400,2002,2292,2413,2340
12/4/2022 13:15,2462,2400,3662,2295,2403,2340
12/4/2022 13:15,2462,2400,4346,2301,2403,2340
12/4/2022 13:15,2469,2400,3271,2306,2383,2340
12/4/2022 13:15,2462,2400,2002,2309,2383,2350
12/4/2022 13:16,2469,2400,2002,2313,2403,2350
12/4/2022 13:16,2469,2400,3662,2316,2433,2350
12/4/2022 13:16,2469,2400,2930,2321,2423,2360
12/4/2022 13:16,2469,2400,2002,2325,2433,2360
12/4/2022 13:16,2469,2400,2246,2327,2423,2360
12/4/2022 13:17,2469,2400,2246,2325,2413,2360
12/4/2022 13:17,2475,2400,2002,2326,2433,2360
12/4/2022 13:17,2469,2400,2197,2330,2433,2360
12/4/2022 13:17,2475,2400,2148,2333,2443,2360
12/4/2022 13:17,2469,2400,2051,2333,2443,2360
12/4/2022 13:17,2469,2400,3955,2329,2453,2360
12/4/2022 13:18,2475,2400,2100,2326,2423,2360
12/4/2022 13:18,2469,2400,2344,2323,2363,2360
12/4/2022 13:18,2469,2400,3662,2319,2363,2360
12/4/2022 13:18,2462,2400,4346,2319,2423,2360
12/4/2022 13:18,2462,2400,2441,2321,2393,2360
12/4/2022 13:18,2469,2400,2197,2320,2413,2360
12/4/2022 13:19,2469,2400,3711,2319,2433,2360
12/4/2022 13:19,2469,2400,4639,2320,2453,2360
12/4/2022 13:19,2469,2400,2051,2319,2443,2360
12/4/2022 13:19,2469,2400,1953,2321,2453,2360
12/4/2022 13:19,2469,2400,2100,2319,2453,2360
12/4/2022 13:20,2469,2400,2100,2325,2443,2360
12/4/2022 13:20,2469,2400,2002,2329,2443,2360
12/4/2022 13:20,2475,2400,2637,2335,2443,2360
12/4/2022 13:20,2475,2400,3564,2338,2463,2360
12/4/2022 13:20,2475,2400,3320,2342,2443,2370
12/4/2022 13:20,2475,2400,3662,2348,2453,2370
12/4/2022 13:21,2475,2400,2148,2346,2453,2370
12/4/2022 13:21,2475,2400,2051,2350,2453,2370
12/4/2022 13:21,2475,2400,2783,2354,2443,2370
12/4/2022 13:21,2481,2400,2002,2360,2433,2370
12/4/2022 13:21,2481,2400,4590,2362,2443,2370
12/4/2022 13:21,2481,2400,2148,2363,2413,2370
12/4/2022 13:22,2475,2400,4150,2361,2443,2370
12/4/2022 13:22,2475,2400,4004,2364,2453,2370
12/4/2022 13:22,2481,2400,2148,2369,2443,2380
12/4/2022 13:22,2481,2400,2002,2372,2443,2380
12/4/2022 13:22,2481,2400,3906,2374,2433,2380
12/4/2022 13:23,2481,2400,2051,2378,2433,2380
12/4/2022 13:23,2481,2400,2002,2376,2413,2380
12/4/2022 13:23,2481,2400,2051,2375,2443,2390
12/4/2022 13:23,2481,2400,2344,2378,2453,2380
12/4/2022 13:23,2481,2400,2002,2379,2423,2390
12/4/2022 13:23,2481,2400,4395,2379,2433,2390
12/4/2022 13:24,2481,2400,2051,2381,2423,2390
12/4/2022 13:24,2487,2400,3320,2380,2463,2390
12/4/2022 13:24,2487,2500,4736,2378,2453,2390
12/4/2022 13:24,2487,2500,3418,2375,2433,2390
12/4/2022 13:24,2487,2500,3125,2372,2463,2390
12/4/2022 13:24,2494,2500,3711,2369,2443,2390
12/4/2022 13:25,2487,2500,2051,2368,2433,2390
12/4/2022 13:25,2487,2500,4150,2367,2453,2390
12/4/2022 13:25,2487,2500,2344,2364,2443,2390
12/4/2022 13:25,2487,2500,2588,2363,2463,2390
12/4/2022 13:25,2487,2500,2051,2364,2463,2390
12/4/2022 13:26,2487,2500,2148,2366,2453,2390
12/4/2022 13:26,2487,2500,2881,2371,2453,2390
12/4/2022 13:26,2487,2500,4150,2378,2463,2390
12/4/2022 13:26,2494,2500,2148,2380,2453,2390
12/4/2022 13:26,2494,2500,2051,2381,2453,2390
12/4/2022 13:26,2494,2500,2051,2389,2443,2390
12/4/2022 13:27,2487,2500,2246,2393,2433,2390
12/4/2022 13:27,2494,2500,4199,2393,2433,2390
12/4/2022 13:27,2500,2500,2490,2395,2463,2400
12/4/2022 13:27,2500,2500,2051,2400,2453,2400
12/4/2022 13:27,2494,2500,2246,2403,2453,2400
12/4/2022 13:27,2494,2500,2148,2405,2453,2400
12/4/2022 13:28,2494,2500,2441,2408,2443,2400
12/4/2022 13:28,2500,2500,2295,2411,2453,2400
12/4/2022 13:28,2500,2500,2051,2414,2453,2400
12/4/2022 13:28,2494,2500,2246,2414,2443,2400
12/4/2022 13:28,2487,2500,2441,2414,2453,2400
12/4/2022 13:29,2494,2500,2441,2412,2463,2410
12/4/2022 13:29,2500,2500,4736,2413,2453,2410
12/4/2022 13:29,2494,2500,2295,2416,2433,2410
12/4/2022 13:29,2494,2500,2100,2418,2433,2410
12/4/2022 13:29,2494,2500,2539,2419,2413,2410
12/4/2022 13:29,2494,2500,2197,2420,2433,2410
12/4/2022 13:30,2500,2500,2197,2423,2413,2410
12/4/2022 13:30,2494,2500,2393,2422,2403,2410
12/4/2022 13:30,2500,2500,2295,2421,2413,2410
12/4/2022 13:30,2500,2500,3223,2423,2433,2410
12/4/2022 13:30,2494,2500,4102,2435,2423,2410
12/4/2022 13:30,2494,2500,3320,2444,2413,2410
12/4/2022 13:31,2494,2500,3613,2448,2413,2410
12/4/2022 13:31,2494,2500,2197,2457,2453,2420
12/4/2022 13:31,2494,2500,2100,2462,2463,2420
12/4/2022 13:31,2494,2500,2246,2469,2463,2420
12/4/2022 13:31,2500,2500,2441,2473,2463,2440
12/4/2022 13:32,2494,2500,3760,2476,2453,2440
12/4/2022 13:32,2500,2500,2734,2480,2483,2440
12/4/2022 13:32,2500,2500,2197,2483,2463,2440
12/4/2022 13:32,2506,2500,2246,2480,2473,2450
12/4/2022 13:32,2500,2500,2441,2473,2473,2450
12/4/2022 13:32,2500,2500,2295,2469,2413,2450
12/4/2022 13:33,2500,2500,2588,2464,2433,2460
12/4/2022 13:33,2500,2500,2148,2463,2453,2450
12/4/2022 13:33,2506,2500,2197,2462,2473,2450
12/4/2022 13:33,2500,2500,3125,2463,2453,2450
12/4/2022 13:33,2500,2500,2148,2463,2433,2450
12/4/2022 13:33,2500,2500,3467,2462,2423,2450
12/4/2022 13:34,2500,2500,2539,2462,2433,2450
12/4/2022 13:34,2500,2500,2197,2463,2443,2450
12/4/2022 13:34,2506,2500,4492,2459,2443,2440
12/4/2022 13:34,2500,2500,2637,2459,2453,2440
12/4/2022 13:34,2506,2500,2979,2460,2473,2440
12/4/2022 13:35,2500,2500,2979,2464,2453,2440
12/4/2022 13:35,2500,2500,3857,2465,2453,2440
12/4/2022 13:35,2500,2500,2246,2459,2453,2440
12/4/2022 13:35,2500,2500,3223,2458,2473,2440
12/4/2022 13:35,2500,2500,2148,2460,2473,2440
12/4/2022 13:35,2500,2500,4541,2458,2473,2440
12/4/2022 13:36,2500,2500,2393,2459,2473,2440
12/4/2022 13:36,2500,2500,4639,2464,2463,2440
12/4/2022 13:36,2500,2500,2344,2469,2453,2440
12/4/2022 13:36,2500,2500,3613,2470,2453,2440
12/4/2022 13:36,2500,2500,2441,2471,2463,2440
12/4/2022 13:36,2500,2500,4443,2474,2473,2440
12/4/2022 13:37,2500,2500,2637,2477,2473,2440
12/4/2022 13:37,2500,2500,3271,2477,2463,2440
12/4/2022 13:37,2494,2500,3369,2477,2473,2440
12/4/2022 13:37,2494,2500,2148,2476,2493,2440
12/4/2022 13:37,2500,2500,2734,2477,2463,2440
12/4/2022 13:38,2494,2500,3711,2476,2453,2440
12/4/2022 13:38,2500,2500,2148,2477,2463,2440
12/4/2022 13:38,2500,2500,3906,2480,2473,2430
12/4/2022 13:38,2500,2500,2832,2475,2473,2430
12/4/2022 13:38,2500,2500,2246,2476,2473,2430
12/4/2022 13:38,2500,2500,2295,2477,2463,2440
12/4/2022 13:39,2500,2500,3467,2487,2463,2440
12/4/2022 13:39,2494,2500,3027,2494,2443,2430
12/4/2022 13:39,2500,2500,2588,2501,2463,2440
12/4/2022 13:39,2500,2500,2637,2507,2453,2440
12/4/2022 13:39,2500,2500,4492,2513,2463,2450
12/4/2022 13:39,2494,2500,2246,2517,2473,2450
12/4/2022 13:40,2500,2500,3320,2519,2443,2460
12/4/2022 13:40,2500,2600,2295,2521,2463,2460
12/4/2022 13:40,2500,2600,2246,2522,2453,2460
12/4/2022 13:40,2500,2600,3906,2524,2453,2470
12/4/2022 13:40,2506,2600,4492,2527,2443,2470
12/4/2022 13:41,2500,2600,4443,2528,2443,2470
12/4/2022 13:41,2506,2600,2295,2529,2443,2470
12/4/2022 13:41,2506,2600,3711,2533,2453,2470
12/4/2022 13:41,2506,2600,2588,2534,2463,2480
12/4/2022 13:41,2506,2600,3613,2537,2473,2480
12/4/2022 13:41,2506,2600,2295,2539,2473,2480
12/4/2022 13:42,2506,2600,2490,2538,2453,2480
12/4/2022 13:42,2512,2600,3467,2540,2453,2490
12/4/2022 13:42,2512,2600,2637,2540,2463,2490
12/4/2022 13:42,2512,2600,2490,2544,2453,2490
12/4/2022 13:42,2512,2600,2246,2546,2463,2490
12/4/2022 13:42,2512,2600,4639,2546,2463,2490
12/4/2022 13:43,2512,2600,2246,2547,2473,2490
12/4/2022 13:43,2512,2600,2246,2546,2463,2490
12/4/2022 13:43,2512,2600,3564,2547,2443,2500
12/4/2022 13:43,2519,2600,2246,2550,2453,2500
12/4/2022 13:43,2519,2600,2539,2550,2463,2500
12/4/2022 13:44,2519,2600,2393,2553,2473,2500
12/4/2022 13:44,2519,2600,2588,2552,2473,2500
12/4/2022 13:44,2519,2600,3369,2547,2463,2500
12/4/2022 13:44,2519,2600,2246,2544,2453,2500
12/4/2022 13:44,2519,2600,2246,2543,2453,2500
12/4/2022 13:44,2525,2500,2295,2543,2473,2500
12/4/2022 13:45,2519,2500,3027,2535,2483,2500
12/4/2022 13:45,2519,2500,3467,2533,2473,2500
12/4/2022 13:45,2525,2500,2344,2525,2463,2500
12/4/2022 13:45,2525,2500,2246,2528,2473,2490
12/4/2022 13:45,2525,2500,4395,2529,2473,2490
12/4/2022 13:45,2519,2500,2344,2532,2483,2490
12/4/2022 13:46,2519,2500,2637,2532,2483,2490
12/4/2022 13:46,2519,2500,2246,2529,2493,2490
12/4/2022 13:46,2525,2500,2295,2528,2473,2490
12/4/2022 13:46,2525,2500,2246,2525,2483,2480
12/4/2022 13:46,2525,2500,3271,2525,2483,2480
12/4/2022 13:47,2525,2500,2441,2520,2473,2480
12/4/2022 13:47,2525,2500,3369,2521,2483,2480
12/4/2022 13:47,2525,2500,2246,2520,2473,2480
12/4/2022 13:47,2525,2500,2246,2524,2483,2480
12/4/2022 13:47,2525,2500,2637,2526,2473,2480
12/4/2022 13:47,2525,2500,2246,2526,2463,2480
12/4/2022 13:48,2525,2500,4102,2527,2483,2480
12/4/2022 13:48,2525,2500,2344,2528,2463,2480
12/4/2022 13:48,2525,2500,2295,2526,2483,2480
12/4/2022 13:48,2531,2500,2246,2534,2483,2480
12/4/2022 13:48,2525,2500,2588,2544,2473,2480
12/4/2022 13:48,2531,2500,3467,2550,2483,2480
12/4/2022 13:49,2531,2500,4443,2553,2473,2480
12/4/2022 13:49,2531,2500,3125,2558,2483,2490
12/4/2022 13:49,2537,2600,4248,2558,2473,2490
12/4/2022 13:49,2537,2600,2295,2560,2473,2500
12/4/2022 13:49,2531,2600,2539,2560,2473,2500
12/4/2022 13:50,2537,2600,4102,2561,2473,2500
12/4/2022 13:50,2537,2600,3613,2560,2463,2500
12/4/2022 13:50,2544,2600,3662,2562,2473,2510
12/4/2022 13:50,2537,2600,2295,2563,2463,2510
12/4/2022 13:50,2537,2600,2246,2564,2473,2510
12/4/2022 13:50,2537,2600,4248,2564,2453,2510
12/4/2022 13:51,2544,2600,2832,2566,2463,2510
12/4/2022 13:51,2544,2600,3369,2566,2463,2510
12/4/2022 13:51,2544,2600,2344,2567,2463,2520
12/4/2022 13:51,2544,2600,2344,2569,2463,2520
12/4/2022 13:51,2550,2600,2588,2570,2473,2520
12/4/2022 13:51,2544,2600,2295,2569,2463,2520
12/4/2022 13:52,2544,2600,3125,2569,2463,2520
12/4/2022 13:52,2544,2600,2490,2569,2463,2520
12/4/2022 13:52,2544,2600,2246,2567,2453,2520
12/4/2022 13:52,2544,2600,2295,2566,2453,2520
12/4/2022 13:52,2550,2600,4150,2563,2453,2520
12/4/2022 13:53,2544,2600,3467,2560,2463,2520
12/4/2022 13:53,2544,2600,2734,2558,2483,2520
12/4/2022 13:53,2550,2600,2734,2555,2473,2520
12/4/2022 13:53,2550,2600,2686,2556,2473,2520
12/4/2022 13:53,2544,2600,2441,2553,2463,2520
12/4/2022 13:53,2550,2600,2539,2554,2453,2520
12/4/2022 13:54,2544,2600,4346,2556,2473,2520
12/4/2022 13:54,2550,2600,2441,2555,2463,2520
12/4/2022 13:54,2550,2600,2539,2556,2463,2520
12/4/2022 13:54,2550,2600,2490,2557,2483,2520
12/4/2022 13:54,2550,2600,4395,2555,2473,2520
12/4/2022 13:54,2550,2600,3906,2556,2463,2520
12/4/2022 13:55,2550,2600,2441,2550,2463,2520
12/4/2022 13:55,2550,2600,3955,2547,2443,2520
12/4/2022 13:55,2550,2600,4395,2546,2443,2520
12/4/2022 13:55,2550,2600,3467,2544,2443,2510
12/4/2022 13:55,2550,2600,2588,2544,2433,2510
12/4/2022 13:56,2544,2600,2393,2542,2443,2510
12/4/2022 13:56,2544,2600,3711,2541,2443,2500
12/4/2022 13:56,2544,2600,2539,2542,2463,2500
12/4/2022 13:56,2544,2500,3516,2541,2463,2500
12/4/2022 13:56,2544,2500,2539,2538,2463,2500
12/4/2022 13:56,2544,2500,2295,2538,2463,2500
12/4/2022 13:57,2544,2500,2295,2538,2453,2500
12/4/2022 13:57,2544,2500,4346,2538,2453,2500
12/4/2022 13:57,2556,2500,2344,2539,2453,2490
12/4/2022 13:57,2550,2500,2393,2538,2473,2490
12/4/2022 13:57,2550,2500,2539,2535,2453,2490
12/4/2022 13:57,2550,2500,2539,2534,2453,2490
12/4/2022 13:58,2550,2500,2441,2535,2443,2490
12/4/2022 13:58,2550,2500,4541,2538,2443,2490
12/4/2022 13:58,2544,2500,3320,2544,2453,2490
12/4/2022 13:58,2544,2500,2734,2548,2443,2490
12/4/2022 13:58,2544,2500,2246,2549,2413,2490
12/4/2022 13:59,2537,2500,4541,2550,2443,2490
12/4/2022 13:59,2544,2500,2832,2552,2453,2490
12/4/2022 13:59,2537,2600,2588,2553,2463,2490
12/4/2022 13:59,2544,2600,2295,2556,2453,2490
12/4/2022 13:59,2537,2500,3271,2556,2443,2490
12/4/2022 13:59,2537,2500,3223,2556,2423,2490
12/4/2022 14:00,2537,2500,2246,2556,2443,2490
12/4/2022 14:00,2537,2500,3711,2560,2463,2490
12/4/2022 14:00,2537,2500,2246,2561,2463,2490
12/4/2022 14:00,2537,2500,3418,2560,2453,2490
12/4/2022 14:00,2537,2500,4541,2560,2443,2490
12/4/2022 14:00,2537,2500,4150,2561,2443,2490
12/4/2022 14:01,2537,2500,2441,2562,2433,2490
12/4/2022 14:01,2531,2500,2539,2566,2453,2490
12/4/2022 14:01,2537,2500,2930,2566,2453,2490
12/4/2022 14:01,2537,2500,4004,2565,2453,2490
12/4/2022 14:01,2537,2500,2637,2566,2443,2490
12/4/2022 14:02,2537,2500,2539,2564,2443,2490
12/4/2022 14:02,2531,2500,2637,2564,2443,2490
12/4/2022 14:02,2531,2500,4639,2560,2443,2490
12/4/2022 14:02,2531,2500,2686,2561,2443,2490
12/4/2022 14:02,2531,2500,2344,2560,2423,2490
12/4/2022 14:02,2537,2500,2686,2561,2433,2490
12/4/2022 14:03,2537,2500,2344,2558,2443,2490
12/4/2022 14:03,2531,2500,2686,2560,2423,2490
12/4/2022 14:03,2537,2500,2539,2562,2423,2490
12/4/2022 14:03,2531,2600,3564,2566,2433,2490
12/4/2022 14:03,2537,2600,4248,2568,2433,2490
12/4/2022 14:03,2537,2600,4541,2567,2413,2490
12/4/2022 14:04,2531,2600,3906,2568,2413,2490
12/4/2022 14:04,2531,2600,3711,2566,2443,2490
12/4/2022 14:04,2531,2600,2588,2566,2433,2490
12/4/2022 14:04,2531,2600,2295,2564,2423,2490
12/4/2022 14:04,2537,2600,3564,2566,2423,2490
12/4/2022 14:05,2531,2600,2686,2566,2433,2490
12/4/2022 14:05,2537,2600,4395,2566,2443,2490
12/4/2022 14:05,2537,2600,3418,2563,2443,2490
12/4/2022 14:05,2531,2600,2295,2563,2403,2490
12/4/2022 14:05,2531,2600,2246,2561,2423,2490
12/4/2022 14:05,2537,2600,2490,2556,2413,2490
12/4/2022 14:06,2537,2600,2344,2555,2393,2490
12/4/2022 14:06,2537,2600,2441,2553,2403,2490
12/4/2022 14:06,2537,2600,2393,2555,2423,2490
12/4/2022 14:06,2537,2600,2686,2553,2413,2490
12/4/2022 14:06,2537,2600,3125,2553,2433,2490
12/4/2022 14:06,2537,2600,2637,2551,2423,2490
12/4/2022 14:07,2537,2600,2686,2548,2443,2490
12/4/2022 14:07,2537,2600,3369,2551,2453,2490
12/4/2022 14:07,2537,2600,2734,2551,2453,2490
12/4/2022 14:07,2531,2600,3809,2550,2443,2490
12/4/2022 14:07,2544,2600,2832,2548,2433,2480
12/4/2022 14:08,2537,2600,2441,2546,2443,2480
12/4/2022 14:08,2537,2600,2295,2547,2453,2480
12/4/2022 14:08,2537,2600,2295,2547,2463,2480
12/4/2022 14:08,2537,2600,2393,2549,2443,2480
12/4/2022 14:08,2531,2600,2539,2543,2423,2480
12/4/2022 14:08,2537,2600,2588,2541,2403,2480
12/4/2022 14:09,2537,2600,2686,2545,2393,2480
12/4/2022 14:09,2537,2600,2930,2551,2433,2480
12/4/2022 14:09,2531,2600,2393,2553,2443,2480
12/4/2022 14:09,2537,2600,2441,2557,2433,2480
12/4/2022 14:09,2537,2600,2783,2560,2443,2480
12/4/2022 14:09,2537,2600,2686,2563,2423,2480
12/4/2022 14:10,2531,2600,2295,2567,2443,2480
12/4/2022 14:10,2537,2600,2344,2566,2423,2480
12/4/2022 14:10,2537,2600,2686,2566,2403,2480
12/4/2022 14:10,2531,2600,3369,2558,2383,2480
12/4/2022 14:10,2525,2600,3174,2556,2403,2490
12/4/2022 14:10,2531,2600,3662,2556,2413,2480
12/4/2022 14:11,2531,2600,3809,2556,2413,2480
12/4/2022 14:11,2525,2600,2295,2549,2403,2480
12/4/2022 14:11,2531,2600,2344,2550,2423,2480
12/4/2022 14:11,2525,2600,2832,2551,2423,2490
12/4/2022 14:11,2531,2600,2734,2551,2443,2480
12/4/2022 14:12,2525,2600,2441,2550,2473,2480
12/4/2022 14:12,2531,2600,3467,2547,2463,2480
12/4/2022 14:12,2531,2600,2686,2544,2453,2490
12/4/2022 14:12,2531,2600,2393,2544,2443,2480
12/4/2022 14:12,2531,2600,2734,2543,2453,2480
12/4/2022 14:12,2531,2600,2490,2542,2453,2480
12/4/2022 14:13,2531,2600,2490,2545,2453,2480
12/4/2022 14:13,2537,2600,3271,2541,2453,2480
12/4/2022 14:13,2537,2600,4346,2543,2453,2490
12/4/2022 14:13,2537,2600,2295,2544,2453,2490
12/4/2022 14:13,2537,2600,2734,2545,2453,2480
12/4/2022 14:13,2537,2600,2295,2546,2473,2490
12/4/2022 14:14,2537,2600,2295,2546,2453,2490
12/4/2022 14:14,2537,2600,4492,2546,2443,2490
12/4/2022 14:14,2537,2600,3418,2544,2453,2490
12/4/2022 14:14,2537,2600,2588,2541,2443,2490
12/4/2022 14:14,2537,2600,2539,2538,2433,2490
12/4/2022 14:15,2537,2600,3125,2538,2413,2490
12/4/2022 14:15,2537,2600,2783,2537,2433,2490
12/4/2022 14:15,2537,2600,4395,2536,2463,2490
12/4/2022 14:15,2537,2600,2539,2537,2443,2490
12/4/2022 14:15,2537,2600,2393,2535,2443,2490
12/4/2022 14:15,2531,2600,2344,2532,2433,2490
12/4/2022 14:16,2537,2500,3662,2529,2443,2490
12/4/2022 14:16,2537,2500,2344,2531,2443,2490
12/4/2022 14:16,2537,2500,2490,2531,2433,2480
12/4/2022 14:16,2537,2500,2344,2527,2443,2480
12/4/2022 14:16,2537,2500,2588,2530,2443,2480
12/4/2022 14:16,2537,2500,2734,2528,2453,2480
12/4/2022 14:17,2537,2500,2344,2525,2453,2480
12/4/2022 14:17,2537,2500,2588,2528,2453,2480
12/4/2022 14:17,2537,2500,2295,2529,2433,2480
12/4/2022 14:17,2537,2500,2441,2528,2443,2480
12/4/2022 14:17,2531,2500,4199,2528,2443,2480
12/4/2022 14:18,2531,2500,2930,2528,2453,2480
12/4/2022 14:18,2537,2500,2295,2528,2443,2480
12/4/2022 14:18,2531,2500,2246,2526,2443,2480
12/4/2022 14:18,2531,2600,4639,2525,2433,2480
12/4/2022 14:18,2531,2600,4395,2525,2433,2480
12/4/2022 14:18,2531,2600,2295,2523,2433,2480
12/4/2022 14:19,2531,2600,2246,2526,2453,2480
12/4/2022 14:19,2531,2600,3955,2527,2403,2480
12/4/2022 14:19,2531,2600,3027,2528,2413,2480
12/4/2022 14:19,2531,2500,3320,2532,2433,2480
12/4/2022 14:19,2531,2500,2441,2531,2443,2480
12/4/2022 14:19,2531,2500,3857,2527,2433,2480
12/4/2022 14:20,2531,2500,4590,2526,2453,2480
12/4/2022 14:20,2525,2600,4346,2522,2433,2480
12/4/2022 14:20,2531,2600,3809,2529,2423,2480
12/4/2022 14:20,2525,2600,3955,2538,2433,2480
12/4/2022 14:20,2525,2600,2734,2540,2433,2480
12/4/2022 14:21,2525,2600,2295,2543,2433,2480
12/4/2022 14:21,2525,2500,3760,2543,2423,2480
12/4/2022 14:21,2525,2500,2246,2544,2413,2490
12/4/2022 14:21,2531,2500,3174,2547,2453,2490
12/4/2022 14:21,2525,2500,2441,2544,2433,2490
12/4/2022 14:21,2531,2500,4395,2537,2403,2490
12/4/2022 14:22,2525,2500,3076,2535,2403,2490
12/4/2022 14:22,2525,2500,2686,2538,2433,2490
12/4/2022 14:22,2525,2500,2344,2538,2433,2490
12/4/2022 14:22,2525,2500,3076,2537,2423,2490
12/4/2022 14:22,2525,2500,3467,2534,2443,2490
12/4/2022 14:22,2531,2500,4492,2532,2433,2490
12/4/2022 14:23,2531,2500,2930,2529,2423,2490
12/4/2022 14:23,2525,2500,2539,2528,2413,2490
12/4/2022 14:23,2525,2500,2393,2526,2433,2490
12/4/2022 14:23,2531,2500,2490,2529,2413,2490
12/4/2022 14:23,2525,2500,2393,2529,2433,2490
12/4/2022 14:24,2525,2500,2832,2531,2413,2480
12/4/2022 14:24,2525,2500,2295,2529,2443,2480
12/4/2022 14:24,2525,2500,3320,2528,2453,2480
12/4/2022 14:24,2531,2500,2295,2526,2443,2480
12/4/2022 14:24,2525,2600,2539,2523,2433,2480
12/4/2022 14:24,2525,2600,2295,2523,2443,2480
12/4/2022 14:25,2525,2600,3516,2523,2403,2480
12/4/2022 14:25,2525,2600,2393,2523,2433,2480
12/4/2022 14:25,2519,2600,3613,2521,2413,2480
12/4/2022 14:25,2519,2600,2246,2522,2413,2480
12/4/2022 14:25,2519,2600,2246,2525,2413,2480
12/4/2022 14:25,2519,2500,2393,2528,2463,2480
12/4/2022 14:26,2519,2500,2539,2523,2453,2480
12/4/2022 14:26,2525,2500,4150,2520,2453,2480
12/4/2022 14:26,2519,2500,3174,2518,2443,2480
12/4/2022 14:26,2525,2500,4346,2518,2423,2480
12/4/2022 14:26,2525,2500,2539,2517,2403,2480
12/4/2022 14:27,2525,2500,2295,2518,2403,2480
12/4/2022 14:27,2525,2500,2539,2517,2373,2480
12/4/2022 14:27,2525,2500,2637,2515,2403,2480
12/4/2022 14:27,2525,2500,2539,2516,2453,2480
12/4/2022 14:27,2525,2500,4297,2518,2443,2480
12/4/2022 14:27,2525,2500,2881,2518,2413,2480
12/4/2022 14:28,2525,2500,2734,2521,2443,2480
12/4/2022 14:28,2525,2500,3027,2521,2453,2480
12/4/2022 14:28,2525,2500,2441,2518,2453,2480
12/4/2022 14:28,2525,2500,2930,2519,2433,2480
12/4/2022 14:28,2525,2500,4248,2518,2413,2480
12/4/2022 14:28,2531,2500,3320,2523,2463,2480
12/4/2022 14:29,2531,2500,2295,2521,2463,2480
12/4/2022 14:29,2531,2500,2295,2517,2473,2480
12/4/2022 14:29,2531,2500,3662,2515,2473,2490
12/4/2022 14:29,2531,2500,2637,2515,2483,2490
12/4/2022 14:29,2531,2500,4199,2518,2463,2490
12/4/2022 14:30,2531,2500,2246,2522,2473,2480
12/4/2022 14:30,2537,2500,2295,2519,2453,2490
12/4/2022 14:30,2531,2500,4346,2521,2463,2480
12/4/2022 14:30,2537,2500,3760,2523,2433,2490
12/4/2022 14:30,2537,2500,2295,2522,2443,2480
12/4/2022 14:30,2531,2500,4150,2521,2463,2490
12/4/2022 14:31,2537,2500,2246,2519,2463,2490
12/4/2022 14:31,2531,2500,2686,2520,2493,2490
12/4/2022 14:31,2537,2500,4297,2521,2483,2490
12/4/2022 14:31,2544,2500,2393,2522,2463,2490
12/4/2022 14:31,2537,2500,3076,2520,2443,2490
12/4/2022 14:31,2537,2500,2441,2520,2443,2490
12/4/2022 14:32,2544,2500,2734,2522,2473,2490
12/4/2022 14:32,2544,2500,2539,2528,2463,2490
12/4/2022 14:32,2544,2500,2344,2533,2523,2490
12/4/2022 14:32,2544,2500,2734,2535,2473,2490
12/4/2022 14:32,2550,2600,2734,2536,2473,2500
12/4/2022 14:33,2550,2600,2490,2534,2453,2500
12/4/2022 14:33,2550,2600,2930,2531,2433,2500
12/4/2022 14:33,2556,2600,2832,2531,2453,2500
12/4/2022 14:33,2556,2600,2490,2535,2473,2500
12/4/2022 14:33,2556,2600,3711,2533,2463,2500
12/4/2022 14:33,2556,2600,3516,2543,2463,2500
12/4/2022 14:34,2556,2600,2197,2546,2473,2500
12/4/2022 14:34,2556,2600,2295,2547,2473,2510
12/4/2022 14:34,2562,2600,2637,2552,2463,2500
12/4/2022 14:34,2562,2600,4688,2549,2483,2510
12/4/2022 14:34,2569,2600,4541,2546,2564,2510
12/4/2022 14:34,2575,2600,2686,2545,2533,2510
12/4/2022 14:35,2625,2600,2344,2548,2483,2510
12/4/2022 14:35,2669,2600,2783,2544,2453,2520
12/4/2022 14:35,2706,2600,3467,2544,2463,2520
12/4/2022 14:35,2737,2600,2344,2550,2483,2520
12/4/2022 14:35,2756,2600,4297,2555,2473,2520
12/4/2022 14:36,2781,2600,3955,2556,2483,2520
12/4/2022 14:36,2806,2600,2344,2556,2493,2520
12/4/2022 14:36,2819,2700,2441,2556,2513,2520
12/4/2022 14:36,2837,2700,4053,2556,2503,2520
12/4/2022 14:36,2862,2700,2979,2572,-7956,2530
12/4/2022 14:36,2837,2700,2979,2568,-7956,2530
12/4/2022 14:37,2831,2700,2979,2569,-7956,2530
12/4/2022 14:37,2856,2700,2979,2570,-7956,2530
12/4/2022 14:37,2881,2700,2979,2575,-7956,2530
12/4/2022 14:37,2906,2700,2979,2578,-7956,2530
12/4/2022 14:37,2931,2700,2979,2579,-7642,2530
12/4/2022 14:37,2950,2800,2979,2580,-7642,2530
12/4/2022 14:38,2975,2800,2979,2575,-7642,2540
12/4/2022 14:38,3006,2800,3027,2573,-7642,2530
12/4/2022 14:38,3044,2800,2979,2572,-7642,2540
12/4/2022 14:38,3100,2800,2979,2567,-7642,2540
12/4/2022 14:38,3162,2800,2979,2568,-7642,2540
12/4/2022 14:39,3238,2800,3027,2570,-7642,2530
12/4/2022 14:39,3313,2800,3027,2572,-7642,2530
12/4/2022 14:39,3400,2800,2979,2570,-7381,2540
12/4/2022 14:39,3494,2800,3027,2567,-7381,2530
12/4/2022 14:39,3588,2800,3027,2567,-7381,2530
12/4/2022 14:39,3669,2800,3027,2572,-7381,2530
12/4/2022 14:40,3756,2800,3027,2570,-7381,2530
12/4/2022 14:40,3831,2800,3027,2570,-7381,2530
12/4/2022 14:40,3906,2800,3027,2573,-7381,2540
12/4/2022 14:40,3975,2800,3027,2575,-7381,2530
12/4/2022 14:40,4038,2800,3027,2579,-7381,2540
12/4/2022 14:40,4106,2800,3076,2578,-7381,2540
12/4/2022 14:41,4169,2800,3076,2584,-7381,2540
12/4/2022 14:41,4238,2800,3076,2584,-7381,2540
12/4/2022 14:41,4300,2800,3027,2578,-7381,2540
12/4/2022 14:41,4363,2800,3027,2572,-7381,2540
12/4/2022 14:41,4425,2800,3076,2573,-7381,2550
12/4/2022 14:42,4488,2800,3076,2575,-7381,2550
12/4/2022 14:42,4544,2800,3027,2576,-7381,2540
12/4/2022 14:42,4588,2800,3076,2575,-7381,2550
12/4/2022 14:42,4644,2800,3076,2577,-7381,2550
12/4/2022 14:42,4688,2800,3076,2579,-7381,2550
12/4/2022 14:42,4738,2800,3027,2576,-7381,2550
12/4/2022 14:43,4775,2800,3027,2579,-7381,2550
12/4/2022 14:43,4800,2800,3027,2580,-7381,2550
12/4/2022 14:43,4825,2800,3076,2587,-7381,2550
12/4/2022 14:43,4844,2800,3076,2602,-7381,2550
12/4/2022 14:43,4856,2800,3076,2623,-7642,2550
12/4/2022 14:43,4863,2800,3076,2663,-7381,2550
12/4/2022 14:44,4875,2800,3076,2661,-7381,2550
12/4/2022 14:44,4875,2800,3076,2665,-7381,2560
12/4/2022 14:44,4881,2800,3076,2654,-7381,2560
12/4/2022 14:44,4888,2800,3076,2663,-7381,2560
12/4/2022 14:44,4894,2800,3076,2672,-7381,2560
12/4/2022 14:45,4900,2900,2832,2728,2685,2570
12/4/2022 14:45,4906,2900,3125,2748,-7381,2580
12/4/2022 14:45,4919,2900,2588,2755,2614,2590
12/4/2022 14:45,4931,2900,2588,2761,2604,2600
12/4/2022 14:45,4938,2900,2734,2761,2604,2600
12/4/2022 14:45,4950,2900,2734,2769,2594,2600
12/4/2022 14:46,4956,2900,2783,2787,2604,2610
12/4/2022 14:46,4969,2900,3223,2802,2604,2610
12/4/2022 14:46,4975,2900,3174,2817,2604,2620
12/4/2022 14:46,4994,3000,4541,2821,2584,2630
12/4/2022 14:46,5000,3000,2832,2829,2594,2650
12/4/2022 14:46,5013,3000,3174,2833,2614,2660
12/4/2022 14:47,5019,3000,2734,2832,2614,2670
12/4/2022 14:47,5031,3000,2637,2848,2584,2680
12/4/2022 14:47,5038,3000,4297,2849,2604,2690
12/4/2022 14:47,5050,3000,3027,2857,2604,2690
12/4/2022 14:47,5056,3000,2881,2865,2604,2700
12/4/2022 14:48,5063,3000,2979,2870,2594,2710
12/4/2022 14:48,5075,3000,2930,2877,2584,2710
12/4/2022 14:48,5081,3000,3516,2880,2594,2720
12/4/2022 14:48,5094,3000,4932,2875,2655,2730
12/4/2022 14:48,5100,3000,4541,2865,2624,2730
12/4/2022 14:48,5119,3000,3125,2870,2624,2740
12/4/2022 14:49,5125,3000,2783,2875,2624,2740
12/4/2022 14:49,5138,3000,2686,2884,2604,2740
12/4/2022 14:49,5150,3000,3564,2882,2604,2740
12/4/2022 14:49,5163,3000,2588,2882,2645,2740
12/4/2022 14:49,5169,3000,2637,2891,2634,2740
12/4/2022 14:49,5181,3000,2588,2901,2634,2750
12/4/2022 14:50,5188,3000,3760,2904,2645,2750
12/4/2022 14:50,5200,3000,2637,2907,2645,2750
12/4/2022 14:50,5200,3000,4150,2907,2655,2760
12/4/2022 14:50,5206,3000,2637,2903,2634,2760
12/4/2022 14:50,5219,3100,2686,2912,2624,2760
12/4/2022 14:51,5231,3100,3711,2920,2634,2770
12/4/2022 14:51,5231,3100,2734,2921,2634,2770
12/4/2022 14:51,5244,3100,2686,2915,2655,2770
12/4/2022 14:51,5238,3100,2686,2926,2675,2770
12/4/2022 14:51,5231,3100,2832,2928,2665,2770
12/4/2022 14:51,5231,3100,3076,2925,2675,2780
12/4/2022 14:52,5219,3100,3125,2920,2655,2780
12/4/2022 14:52,5213,3100,2637,2925,2624,2780
12/4/2022 14:52,5194,3100,2832,2933,2655,2780
12/4/2022 14:52,5188,3100,3174,2942,2675,2780
12/4/2022 14:52,5181,3100,4297,2935,2634,2790
12/4/2022 14:52,5169,3100,3711,2934,2645,2790
12/4/2022 14:53,5156,3100,4346,2930,2624,2790
12/4/2022 14:53,5131,3100,3271,2940,2645,2790
12/4/2022 14:53,5125,3100,4297,2949,2634,2780
12/4/2022 14:53,5113,3100,2734,2959,2655,2780
12/4/2022 14:53,5106,3100,3125,2969,2645,2790
12/4/2022 14:54,5088,3100,4639,2973,2665,2790
12/4/2022 14:54,5081,3100,2783,2987,2624,2800
12/4/2022 14:54,5069,3100,2734,2978,2624,2800
12/4/2022 14:54,5050,3100,3027,2982,2655,2810
12/4/2022 14:54,5050,3100,4834,2992,2655,2810
12/4/2022 14:54,5056,3100,4785,2993,2665,2810
12/4/2022 14:55,5050,3100,2734,2991,2665,2810
12/4/2022 14:55,5044,3100,3760,3007,2675,2810
12/4/2022 14:55,5031,3100,4102,3002,2645,2810
12/4/2022 14:55,5025,3100,3223,3008,2624,2820
12/4/2022 14:55,5013,3100,3125,3013,2655,2820
12/4/2022 14:55,4994,3100,2881,3017,2634,2830
12/4/2022 14:56,4981,3100,2881,3018,2645,2830
12/4/2022 14:56,4969,3100,3174,3021,2645,2830
12/4/2022 14:56,4944,3200,2979,3022,2614,2840
12/4/2022 14:56,4931,3200,3662,3018,2624,2840
12/4/2022 14:56,4906,3200,2881,3011,2624,2850
12/4/2022 14:57,4469,3200,3125,2998,2675,2850
12/4/2022 14:57,5106,3200,2881,3007,2716,2850
12/4/2022 14:57,5763,3200,4102,3004,2685,2850
12/4/2022 14:57,4875,3100,3857,3015,2634,2850
12/4/2022 14:57,5281,3100,4395,3017,2645,2850
12/4/2022 14:57,5625,3100,3467,3013,2665,2850
12/4/2022 14:58,5638,3100,2783,3007,2655,2850
12/4/2022 14:58,5750,3100,3223,3013,2645,2850
12/4/2022 14:58,6213,3100,2881,3024,2665,2850
12/4/2022 14:58,6338,3100,3174,3028,2645,2850
12/4/2022 14:58,5938,3100,2930,3027,2634,2860
12/4/2022 14:58,5863,3200,3369,3025,2645,2860
12/4/2022 14:59,6063,3200,4492,3028,2645,2860
12/4/2022 14:59,5863,3200,2930,3022,2655,2860
12/4/2022 14:59,6637,3200,2930,3032,2655,2870
12/4/2022 14:59,7356,3200,2930,3033,2665,2870
12/4/2022 14:59,8069,3100,3369,3022,2665,2880
12/4/2022 15:00,8281,3100,3125,3017,2685,2880
12/4/2022 15:00,8631,3100,3271,3015,2685,2870
12/4/2022 15:00,9469,3100,3418,3008,2695,2870
12/4/2022 15:00,8150,3100,3320,3003,2695,2870
12/4/2022 15:00,8800,3100,3369,3004,2705,2870
12/4/2022 15:00,8987,3100,3125,3007,2695,2860
12/4/2022 15:01,9075,3100,4199,3007,2716,2860
12/4/2022 15:01,8994,3100,2979,3003,2695,2860
12/4/2022 15:01,8950,3100,3320,3001,2705,2860
12/4/2022 15:01,9000,3100,3369,2994,2756,2860
12/4/2022 15:01,8944,3100,3271,2992,2645,2860
12/4/2022 15:01,7881,3100,3076,2989,2685,2860
12/4/2022 15:02,8269,3100,3418,3001,2665,2850
12/4/2022 15:02,8131,3100,4980,3001,2675,2850
12/4/2022 15:02,8575,3100,3516,3015,2665,2850
12/4/2022 15:02,8806,3100,3223,3021,2645,2860
12/4/2022 15:02,8737,3100,4883,3017,2695,2860
12/4/2022 15:03,8900,3100,3174,3009,2675,2870
12/4/2022 15:03,8637,3100,3467,3038,2869,2870
12/4/2022 15:03,8112,3100,3564,3017,2777,2880
12/4/2022 15:03,7812,3200,3613,3017,2675,2880
12/4/2022 15:03,8012,3200,3613,3015,2695,2880
12/4/2022 15:03,8125,3200,3223,3021,2685,2880
12/4/2022 15:04,7944,3200,3564,3027,2645,2880
12/4/2022 15:04,7962,3200,3223,3031,2655,2880
12/4/2022 15:04,8275,3200,3271,3032,2716,2890
12/4/2022 15:04,8812,3200,3955,3033,2726,2890
12/4/2022 15:04,8869,3200,3174,3030,2705,2890
12/4/2022 15:04,8581,3200,3564,3027,2736,2890
12/4/2022 15:05,8681,3200,3711,3023,2695,2890
12/4/2022 15:05,8781,3200,3613,3020,2685,2890
12/4/2022 15:05,8494,3200,4004,3022,2756,2890
12/4/2022 15:05,8356,3200,3271,3025,2695,2880
12/4/2022 15:05,8544,3200,4248,3023,2746,2880
12/4/2022 15:06,8100,3200,3271,3034,2726,2880
12/4/2022 15:06,8262,3200,3076,3028,2675,2880
12/4/2022 15:06,8175,3200,4443,3029,2685,2880
12/4/2022 15:06,8381,3200,3369,3026,2716,2890
12/4/2022 15:06,8362,3200,3613,3030,2695,2880
12/4/2022 15:06,8081,3200,4639,3031,2685,2890
12/4/2022 15:07,8500,3200,2832,3017,2584,2890
12/4/2022 15:07,8212,3200,3418,3033,2624,2890
12/4/2022 15:07,8344,3200,2783,3031,2584,2890
12/4/2022 15:07,9244,3200,3027,3041,2574,2890
12/4/2022 15:07,9206,3200,3320,3023,2624,2900
12/4/2022 15:07,9262,3200,3271,3022,2655,2890
12/4/2022 15:08,9181,3200,3613,3041,2624,2890
12/4/2022 15:08,9169,3200,2832,3044,2604,2900
12/4/2022 15:08,9206,3100,2979,3044,2614,2900
12/4/2022 15:08,9156,3100,3027,3037,2634,2900
12/4/2022 15:08,8750,3200,3174,3030,2624,2910
12/4/2022 15:09,8675,3200,3955,3041,2624,2900
12/4/2022 15:09,8800,3200,3369,3043,2624,2910
12/4/2022 15:09,9100,3200,3125,3039,2645,2910
12/4/2022 15:09,9306,3200,3174,3049,2614,2910
12/4/2022 15:09,9000,3200,3369,3045,2634,2910
12/4/2022 15:09,8681,3200,3125,3055,2634,2910
12/4/2022 15:10,8931,3200,3076,3056,2604,2920
12/4/2022 15:10,9019,3200,4102,3048,2634,2920
12/4/2022 15:10,8856,3200,2832,3039,2614,2920
12/4/2022 15:10,8475,3200,2930,3043,2604,2920
12/4/2022 15:10,8000,3200,2783,3047,2614,2920
12/4/2022 15:10,7425,3200,3174,3044,2624,2920
12/4/2022 15:11,7031,3200,2832,3038,2645,2920
12/4/2022 15:11,6756,3200,3174,3037,2645,2910
12/4/2022 15:11,6500,3200,3223,3037,2655,2910
12/4/2022 15:11,6269,3200,3369,3029,2645,2910
12/4/2022 15:11,6069,3200,2734,3028,2614,2900
12/4/2022 15:12,5913,3200,3271,3028,2624,2900
12/4/2022 15:12,5763,3200,3467,3032,2634,2900
12/4/2022 15:12,5644,3200,3613,3032,2634,2900
12/4/2022 15:12,5531,3200,2783,3037,2624,2890
12/4/2022 15:12,5438,3200,3369,3034,2634,2890
12/4/2022 15:12,5356,3200,3027,3037,2614,2890
12/4/2022 15:13,5294,3200,2979,3040,2584,2890
12/4/2022 15:13,5238,3200,2832,3044,2594,2890
12/4/2022 15:13,5188,3200,3223,3041,2594,2890
12/4/2022 15:13,5144,3200,3369,3039,2594,2900
12/4/2022 15:13,5094,3200,2783,3040,2604,2900
12/4/2022 15:13,5050,3200,2783,3038,2594,2900
12/4/2022 15:14,5019,3200,3320,3037,2584,2900
12/4/2022 15:14,4988,3200,2832,3039,2604,2900
12/4/2022 15:14,4963,3200,2930,3036,2584,2900
12/4/2022 15:14,4931,3200,2783,3029,2594,2900
12/4/2022 15:14,4913,3200,3271,3033,2564,2890
12/4/2022 15:15,4894,3200,2832,3038,2564,2890
12/4/2022 15:15,4875,3200,2783,3029,2584,2890
12/4/2022 15:15,4863,3200,3760,3032,2614,2890
12/4/2022 15:15,4856,3200,3516,3031,2594,2890
12/4/2022 15:15,4844,3200,3369,3035,2564,2890
12/4/2022 15:15,4844,3200,3223,3037,2574,2890
12/4/2022 15:16,4831,3200,3271,3035,2584,2890
12/4/2022 15:16,4813,3200,3027,3035,2594,2890
12/4/2022 15:16,4806,3200,3906,3034,2584,2890
12/4/2022 15:16,4794,3200,3076,3031,2584,2890
12/4/2022 15:16,4781,3200,3271,3029,2584,2890
12/4/2022 15:16,4763,3200,2979,3028,2604,2890
12/4/2022 15:17,4750,3200,4004,3032,2685,2890
12/4/2022 15:17,4513,3200,3125,3027,2665,2890
12/4/2022 15:17,4300,3200,3174,3022,2645,2880
12/4/2022 15:17,4106,3200,3857,3017,2624,2880
12/4/2022 15:17,4075,3200,3223,3019,2533,2880
12/4/2022 15:18,4181,3200,4443,3019,2533,2880
12/4/2022 15:18,4313,3200,3076,3004,2503,2870
12/4/2022 15:18,4475,3200,3174,3009,2523,2870
12/4/2022 15:18,4638,3200,2881,3011,2513,2860
12/4/2022 15:18,4769,3200,3271,3014,2513,2860
12/4/2022 15:18,4888,3200,3125,3007,2544,2860
12/4/2022 15:19,4981,3200,3125,3011,2523,2860
12/4/2022 15:19,5063,3200,3076,3014,2513,2860
12/4/2022 15:19,5125,3200,3125,3015,2523,2860
12/4/2022 15:19,5206,3200,3125,3009,2533,2860
12/4/2022 15:19,5269,3200,2832,3008,2523,2860
12/4/2022 15:19,5313,3200,3418,3019,2544,2860
12/4/2022 15:20,5350,3200,2930,3015,2554,2860
12/4/2022 15:20,5375,3200,2979,3022,2513,2870
12/4/2022 15:20,5394,3200,3271,3018,2554,2870
12/4/2022 15:20,5419,3200,3125,3017,2554,2870
12/4/2022 15:20,5431,3200,2881,3017,2564,2870
12/4/2022 15:21,5450,3200,2832,3015,2554,2870
12/4/2022 15:21,5463,3200,4053,3016,2544,2870
12/4/2022 15:21,5469,3200,2930,3017,2574,2870
12/4/2022 15:21,5481,3200,3271,3027,2533,2870
12/4/2022 15:21,5500,3200,2930,3022,2544,2870
12/4/2022 15:21,5513,3200,2832,3029,2564,2870
12/4/2022 15:22,5525,3200,3174,3032,2574,2870
12/4/2022 15:22,5538,3200,4443,3033,2533,2870
12/4/2022 15:22,5544,3200,4492,3042,2533,2880
12/4/2022 15:22,5556,3200,2832,3044,2574,2880
12/4/2022 15:22,5563,3200,2881,3041,2544,2890
12/4/2022 15:22,5563,3200,3320,3044,2584,2890
12/4/2022 15:23,5556,3200,4053,3048,2594,2890
12/4/2022 15:23,5556,3200,3223,3047,2554,2890
12/4/2022 15:23,5544,3200,3369,3052,2554,2900
12/4/2022 15:23,5519,3200,2832,3049,2665,2900
12/4/2022 15:23,5500,3200,4639,3046,2634,2900
12/4/2022 15:24,5550,3200,2832,3058,2634,2900
12/4/2022 15:24,5581,3200,3076,3055,2634,2900
12/4/2022 15:24,5606,3200,2881,3049,2645,2900
12/4/2022 15:24,5631,3200,2979,3041,2634,2910
12/4/2022 15:24,5650,3200,3857,3038,2624,2900
12/4/2022 15:24,5656,3200,2881,3027,2594,2900
12/4/2022 15:25,5675,3200,4443,3029,2554,2900
12/4/2022 15:25,5688,3200,3418,3038,2564,2900
12/4/2022 15:25,5694,3200,3320,3045,2574,2900
12/4/2022 15:25,5694,3200,4590,3037,2554,2900
12/4/2022 15:25,5706,3200,3027,3037,2503,2900
12/4/2022 15:25,5725,3200,3174,3032,2523,2900
12/4/2022 15:26,5738,3200,4590,3038,2554,2900
12/4/2022 15:26,5750,3200,2881,3038,2564,2900
12/4/2022 15:26,5769,3200,2881,3032,2564,2900
12/4/2022 15:26,5788,3200,3076,3033,2564,2900
12/4/2022 15:26,5794,3200,2881,3035,2594,2900
12/4/2022 15:27,5813,3200,4053,3027,2614,2900
12/4/2022 15:27,5825,3200,3369,3019,2594,2900
12/4/2022 15:27,5844,3200,3125,3018,2584,2890
12/4/2022 15:27,5869,3200,3369,3017,2554,2890
12/4/2022 15:27,5894,3200,3320,3018,2584,2890
12/4/2022 15:27,5919,3200,3076,3021,2614,2880
12/4/2022 15:28,5950,3200,4541,3023,2614,2880
12/4/2022 15:28,5975,3200,2881,3024,2574,2880
12/4/2022 15:28,5994,3200,3320,3027,2584,2880
12/4/2022 15:28,6019,3200,3223,3027,2584,2880
12/4/2022 15:28,6038,3200,2930,3022,2584,2880
12/4/2022 15:28,6044,3200,2832,3022,2604,2880
12/4/2022 15:29,6038,3200,3174,3019,2594,2880
12/4/2022 15:29,6038,3200,3516,3012,2584,2880
12/4/2022 15:29,6031,3200,2832,3017,2604,2880
12/4/2022 15:29,6025,3200,4639,3027,2614,2880
12/4/2022 15:29,6006,3200,2832,3031,2584,2880
12/4/2022 15:30,5994,3200,2930,3034,2554,2880
12/4/2022 15:30,5981,3200,4346,3037,2564,2890
12/4/2022 15:30,5969,3200,2930,3037,2604,2890
12/4/2022 15:30,5956,3200,2930,3034,2604,2890
12/4/2022 15:30,5950,3200,3125,3032,2614,2890
12/4/2022 15:30,5938,3200,3369,3028,2594,2900
12/4/2022 15:31,5931,3200,2832,3029,2624,2890
12/4/2022 15:31,5925,3200,4639,3025,2594,2890
12/4/2022 15:31,5919,3200,2930,3031,2574,2890
12/4/2022 15:31,5906,3200,3027,3041,2564,2890
12/4/2022 15:31,5894,3200,2881,3048,2564,2890
12/4/2022 15:31,5888,3200,3662,3051,2564,2900
12/4/2022 15:32,5756,3200,3076,3054,2574,2910
12/4/2022 15:32,5494,3200,3027,3044,2594,2910
12/4/2022 15:32,5269,3200,3955,3043,2574,2910
12/4/2022 15:32,5081,3200,3613,3046,2594,2910
12/4/2022 15:32,4925,3200,3076,3051,2584,2910
12/4/2022 15:33,4806,3200,3369,3052,2574,2910
12/4/2022 15:33,4706,3200,4346,3055,2574,2920
12/4/2022 15:33,4631,3200,3760,3053,2584,2920
12/4/2022 15:33,4569,3200,3125,3047,2574,2920
12/4/2022 15:33,4525,3200,3076,3039,2574,2920
12/4/2022 15:33,4494,3200,4053,3039,2594,2910
12/4/2022 15:34,4469,3200,2930,3047,2594,2910
12/4/2022 15:34,4450,3200,3223,3050,2564,2910
12/4/2022 15:34,4444,3200,3711,3054,2574,2910
12/4/2022 15:34,4450,3200,3223,3051,2594,2910
12/4/2022 15:34,4450,3200,3369,3053,2604,2910
12/4/2022 15:34,4456,3200,4346,3054,2584,2910
12/4/2022 15:35,4469,3200,3223,3056,2574,2910
12/4/2022 15:35,4488,3200,2930,3057,2564,2920
12/4/2022 15:35,4500,3200,3906,3056,2564,2920
12/4/2022 15:35,4525,3200,3467,3060,2564,2920
12/4/2022 15:35,4538,3200,3320,3055,2554,2920
12/4/2022 15:36,4556,3200,3418,3059,2554,2920
12/4/2022 15:36,4569,3200,4150,3059,2554,2930
12/4/2022 15:36,4575,3200,3809,3060,2564,2930
12/4/2022 15:36,4581,3200,3125,3059,2584,2930
12/4/2022 15:36,4600,3200,4150,3054,2584,2930
12/4/2022 15:36,4606,3200,4297,3053,2594,2930
12/4/2022 15:37,4619,3200,3027,3053,2594,2930
12/4/2022 15:37,4631,3200,3564,3056,2584,2930
12/4/2022 15:37,4638,3200,3125,3058,2554,2930
12/4/2022 15:37,4638,3200,2930,3058,2594,2930
12/4/2022 15:37,4613,3200,3271,3055,2554,2930
12/4/2022 15:37,4444,3200,3027,3032,2574,2930
12/4/2022 15:38,4363,3200,3271,3015,2483,2930
12/4/2022 15:38,4425,3200,3174,3013,2413,2920
12/4/2022 15:38,4419,3200,3564,3017,2413,2920
12/4/2022 15:38,4431,3200,3564,3013,2463,2920
12/4/2022 15:38,4450,3200,4102,3011,2463,2920
12/4/2022 15:39,4475,3200,3320,3009,2453,2920
12/4/2022 15:39,4500,3200,3174,3018,2433,2920
12/4/2022 15:39,4513,3200,3320,3022,2453,2930
12/4/2022 15:39,4525,3200,3467,3018,2443,2930
12/4/2022 15:39,4538,3200,3271,3008,2453,2930
12/4/2022 15:39,4550,3200,3174,3001,2423,2930
12/4/2022 15:40,4563,3200,3711,2993,2433,2930
12/4/2022 15:40,4575,3200,3125,2990,2443,2930
12/4/2022 15:40,4594,3200,3467,2988,2433,2920
12/4/2022 15:40,4600,3200,3223,2985,2443,2920
12/4/2022 15:40,4613,3200,4590,2994,2423,2910
12/4/2022 15:40,4619,3200,4248,2992,2443,2910
12/4/2022 15:41,4631,3200,3320,2986,2433,2910
12/4/2022 15:41,4644,3200,3369,2991,2473,2910
12/4/2022 15:41,4650,3200,3223,2990,2453,2910
12/4/2022 15:41,4656,3200,4297,2995,2453,2910
12/4/2022 15:41,4669,3200,3223,2998,2463,2910
12/4/2022 15:42,4675,3200,3125,2995,2453,2910
12/4/2022 15:42,4681,3200,3174,2992,2433,2920
12/4/2022 15:42,4688,3200,3174,2994,2453,2920
12/4/2022 15:42,4688,3200,4199,2991,2453,2920
12/4/2022 15:42,4694,3200,3662,2985,2433,2920
12/4/2022 15:42,4688,3200,4102,2980,2433,2920
12/4/2022 15:43,4675,3200,3662,2986,2433,2920
12/4/2022 15:43,4669,3200,3223,2987,2473,2920
12/4/2022 15:43,4663,3200,3125,2982,2473,2920
12/4/2022 15:43,4650,3200,3613,2980,2463,2920
12/4/2022 15:43,4644,3200,3467,2988,2443,2920
12/4/2022 15:43,4631,3200,3271,2989,2453,2920
12/4/2022 15:44,4619,3200,3613,2988,2453,2920
12/4/2022 15:44,4606,3200,3711,2991,2443,2920
12/4/2022 15:44,4588,3200,3174,2992,2433,2920
12/4/2022 15:44,4575,3200,3516,2991,2433,2920
12/4/2022 15:44,4563,3200,4297,2991,2443,2920
12/4/2022 15:45,4550,3200,4395,2991,2443,2920
12/4/2022 15:45,4538,3200,3174,2986,2413,2920
12/4/2022 15:45,4519,3200,3662,2982,2413,2920
12/4/2022 15:45,4513,3200,3418,2984,2443,2920
12/4/2022 15:45,4500,3200,3223,2991,2403,2920
12/4/2022 15:45,4488,3200,3418,2995,2413,2920
12/4/2022 15:46,4481,3200,4492,2998,2443,2930
12/4/2022 15:46,4463,3200,4102,2989,2433,2930
12/4/2022 15:46,4450,3200,3516,2983,2423,2920
12/4/2022 15:46,4438,3200,3613,2985,2433,2930
12/4/2022 15:46,4431,3200,3857,2984,2423,2930
12/4/2022 15:46,4419,3200,3320,2981,2413,2920
12/4/2022 15:47,4406,3200,3467,2986,2413,2920
12/4/2022 15:47,4400,3200,3467,2984,2433,2920
12/4/2022 15:47,4388,3200,3809,2982,2443,2920
12/4/2022 15:47,4381,3200,4443,2985,2463,2920
12/4/2022 15:47,4369,3200,3125,2981,2433,2920
12/4/2022 15:48,4363,3200,3662,2985,2443,2920
12/4/2022 15:48,4350,3200,3271,2981,2433,2920
12/4/2022 15:48,4344,3200,3125,2977,2423,2920
12/4/2022 15:48,4338,3200,3564,2975,2423,2920
12/4/2022 15:48,4331,3200,3516,2972,2413,2920
12/4/2022 15:48,4319,3200,4541,2975,2423,2910
12/4/2022 15:49,4313,3200,4004,2972,2433,2910
12/4/2022 15:49,4300,3200,3125,2975,2443,2910
12/4/2022 15:49,4294,3200,3125,2973,2453,2910
12/4/2022 15:49,4288,3200,4590,2970,2433,2910
12/4/2022 15:49,4275,3200,3125,2969,2433,2910
12/4/2022 15:49,4269,3200,3174,2966,2423,2910
12/4/2022 15:50,4263,3200,3613,2972,2443,2910
12/4/2022 15:50,4250,3200,3564,2973,2483,2910
12/4/2022 15:50,4250,3200,3467,2979,2453,2910
12/4/2022 15:50,4238,3200,3613,2979,2453,2910
12/4/2022 15:50,4231,3200,3125,2982,2423,2910
12/4/2022 15:51,4225,3200,3369,2987,2413,2910
12/4/2022 15:51,4213,3200,4443,2987,2453,2910
12/4/2022 15:51,4206,3200,3320,2979,2403,2920
12/4/2022 15:51,4200,3200,3125,2997,2403,2920
12/4/2022 15:51,4194,3200,3125,3001,2423,2920
12/4/2022 15:51,4188,3200,3418,3001,2423,2930
12/4/2022 15:52,4181,3200,4541,3002,2413,2930
12/4/2022 15:52,4169,3200,3320,2998,2433,2930
12/4/2022 15:52,4163,3200,3320,2993,2433,2940
12/4/2022 15:52,4156,3200,3223,2987,2443,2940
12/4/2022 15:52,4144,3200,4053,2985,2443,2940
12/4/2022 15:52,4144,3200,3418,2994,2453,2930
12/4/2022 15:53,4138,3200,3564,3001,2453,2930
12/4/2022 15:53,4125,3200,3564,2998,2473,2930
12/4/2022 15:53,4119,3200,3369,2999,2463,2940
12/4/2022 15:53,4113,3200,3125,2999,2433,2940
12/4/2022 15:53,4106,3200,3125,2999,2423,2940
12/4/2022 15:54,4100,3200,3662,3000,2433,2940
12/4/2022 15:54,4094,3200,3320,2993,2443,2950
12/4/2022 15:54,4088,3200,4346,2989,2423,2940
12/4/2022 15:54,4081,3200,3174,2988,2423,2940
12/4/2022 15:54,4075,3200,3613,2992,2403,2940
12/4/2022 15:54,4069,3200,3662,2982,2433,2940
12/4/2022 15:55,4063,3200,4297,2984,2443,2940
12/4/2022 15:55,4056,3200,3076,2981,2453,2940
12/4/2022 15:55,4050,3200,4590,2989,2453,2940
12/4/2022 15:55,4044,3200,3174,2990,2443,2940
12/4/2022 15:55,4038,3200,3271,2994,2443,2940
12/4/2022 15:55,4031,3200,3271,2997,2453,2940
12/4/2022 15:56,4025,3200,3418,3001,2473,2940
12/4/2022 15:56,4019,3200,3174,3006,2453,2940
12/4/2022 15:56,4013,3200,3613,3006,2463,2940
12/4/2022 15:56,4006,3200,4102,3004,2443,2940
12/4/2022 15:56,4006,3200,3369,3004,2433,2950
12/4/2022 15:57,3994,3200,3418,2995,2413,2950
12/4/2022 15:57,3988,3200,3271,2985,2393,2950
12/4/2022 15:57,3988,3200,3320,2976,2373,2940
12/4/2022 15:57,3981,3200,3076,2984,2403,2940
12/4/2022 15:57,3981,3200,3613,2994,2433,2930
12/4/2022 15:57,3975,3200,3223,3000,2423,2930
12/4/2022 15:58,3969,3200,4395,2989,2423,2930
12/4/2022 15:58,3963,3200,3076,2980,2393,2930
12/4/2022 15:58,3963,3200,4395,2987,2403,2930
12/4/2022 15:58,3950,3200,3076,2984,2393,2920
12/4/2022 15:58,3944,3200,4199,2984,2403,2920
12/4/2022 15:58,3938,3200,3223,2995,2403,2920
12/4/2022 15:59,3938,3200,3711,2998,2393,2920
12/4/2022 15:59,3931,3200,3662,2999,2383,2920
12/4/2022 15:59,3931,3200,3369,3007,2363,2930
12/4/2022 15:59,3925,3200,3955,3012,2373,2930
12/4/2022 15:59,3919,3100,3906,3018,2393,2940
12/4/2022 16:00,3913,3100,3564,3018,2413,2950
12/4/2022 16:00,3913,3100,3613,3021,2403,2950
12/4/2022 16:00,3906,3100,3418,3023,2453,2950
12/4/2022 16:00,3900,3100,3613,3025,2473,2960
12/4/2022 16:00,3888,3100,3369,3015,2433,2960
12/4/2022 16:00,3881,3200,3125,3011,2423,2960
12/4/2022 16:01,3881,3200,3174,3006,2423,2960
12/4/2022 16:01,3875,3200,3125,2998,2423,2960
12/4/2022 16:01,3875,3200,3125,2995,2413,2950
12/4/2022 16:01,3875,3200,3125,2995,2373,2940
12/4/2022 16:01,3844,3200,4346,2999,2594,2940
12/4/2022 16:01,3813,3200,4004,2993,2383,2940
12/4/2022 16:02,3813,3200,4395,2997,2343,2940
12/4/2022 16:02,3813,3200,3418,3004,2353,2940
12/4/2022 16:02,3794,3200,3809,3004,2343,2940
12/4/2022 16:02,3788,3100,3467,3001,2313,2950
12/4/2022 16:02,3788,3100,3662,3000,2353,2950
12/4/2022 16:03,3794,3100,3125,3006,2323,2950
12/4/2022 16:03,3788,3100,3125,2999,2373,2950
12/4/2022 16:03,3788,3100,3174,3014,2363,2950
12/4/2022 16:03,3788,3100,3174,3017,2393,2950
12/4/2022 16:03,3788,3100,3711,3006,2373,2950
12/4/2022 16:03,3788,3100,3125,3006,2373,2950
12/4/2022 16:04,3781,3100,3662,3005,2383,2950
12/4/2022 16:04,3781,3100,3125,3007,2403,2950
12/4/2022 16:04,3775,3100,3564,2998,2373,2950
12/4/2022 16:04,3769,3100,3320,2992,2403,2950
12/4/2022 16:04,3769,3100,3125,3000,2403,2940
12/4/2022 16:04,3769,3200,3906,3007,2383,2940
12/4/2022 16:05,3763,3200,3613,3008,2403,2940
12/4/2022 16:05,3756,3200,3125,3005,2383,2940
12/4/2022 16:05,3756,3200,3320,2998,2383,2940
12/4/2022 16:05,3756,3200,3125,2992,2383,2940
12/4/2022 16:05,3750,3200,3613,2981,2393,2940
12/4/2022 16:06,3750,3200,3223,2978,2383,2940
12/4/2022 16:06,3744,3200,3613,2992,2363,2930
12/4/2022 16:06,3738,3100,3223,2994,2383,2930
12/4/2022 16:06,3731,3100,4541,2992,2403,2930
12/4/2022 16:06,3725,3100,3271,2989,2413,2930
12/4/2022 16:06,3719,3100,3516,2997,2373,2930
12/4/2022 16:07,3719,3100,3857,2992,2393,2930
12/4/2022 16:07,3719,3100,3564,3000,2403,2930
12/4/2022 16:07,3713,3100,3613,2987,2403,2930
12/4/2022 16:07,3713,3100,3320,2992,2393,2930
12/4/2022 16:07,3700,3100,3857,2991,2383,2930
12/4/2022 16:07,3700,3200,3467,3001,2363,2930
12/4/2022 16:08,3694,3200,4395,2999,2403,2930
12/4/2022 16:08,3694,3100,3320,3003,2393,2930
12/4/2022 16:08,3688,3100,3174,3006,2403,2940
12/4/2022 16:08,3688,3100,3320,3005,2393,2940
12/4/2022 16:08,3681,3100,3564,2991,2393,2940
12/4/2022 16:09,3675,3100,3564,3003,2403,2940
12/4/2022 16:09,3669,3200,3125,3008,2403,2940
12/4/2022 16:09,3663,3200,3125,3011,2393,2940
12/4/2022 16:09,3663,3200,3125,3011,2383,2940
12/4/2022 16:09,3656,3200,3369,3015,2383,2940
12/4/2022 16:09,3656,3200,3125,3013,2403,2940
12/4/2022 16:10,3650,3200,3418,2997,2413,2940
12/4/2022 16:10,3650,3200,4346,2997,2403,2940
12/4/2022 16:10,3644,3200,3125,2994,2363,2930
12/4/2022 16:10,3644,3200,3516,3007,2363,2930
12/4/2022 16:10,3638,3200,3613,3006,2373,2930
12/4/2022 16:10,3638,3200,3174,2998,2383,2940
12/4/2022 16:11,3638,3200,3125,3005,2413,2940
12/4/2022 16:11,3631,3200,4346,3011,2433,2940
12/4/2022 16:11,3625,3200,3271,3003,2403,2940
12/4/2022 16:11,3619,3200,3613,3003,2403,2940
12/4/2022 16:11,3613,3200,3320,3015,2363,2940
12/4/2022 16:12,3613,3200,3125,3012,2393,2940
12/4/2022 16:12,3606,3200,3418,3007,2373,2940
12/4/2022 16:12,3600,3200,3809,3000,2383,2940
12/4/2022 16:12,3600,3200,3613,3011,2353,2940
12/4/2022 16:12,3594,3200,3369,3011,2373,2940
12/4/2022 16:12,3588,3200,3613,3007,2383,2940
12/4/2022 16:13,3581,3200,3125,3006,2383,2940
12/4/2022 16:13,3575,3200,3125,3004,2393,2940
12/4/2022 16:13,3569,3200,3223,3006,2333,2940
12/4/2022 16:13,3569,3200,4248,3012,2353,2940
12/4/2022 16:13,3563,3200,3125,3009,2373,2940
12/4/2022 16:13,3563,3100,3711,3017,2363,2950
12/4/2022 16:14,3563,3100,3174,3014,2373,2950
12/4/2022 16:14,3556,3100,4443,3008,2363,2950
12/4/2022 16:14,3550,3100,3711,3014,2353,2950
12/4/2022 16:14,3550,3100,3174,3008,2373,2950
12/4/2022 16:14,3550,3100,3564,3002,2393,2950
12/4/2022 16:15,3544,3100,3711,3010,2353,2950
12/4/2022 16:15,3531,3100,3223,3012,2353,2940
12/4/2022 16:15,3531,3100,4150,3011,2373,2950
12/4/2022 16:15,3525,3100,3271,3018,2373,2950
12/4/2022 16:15,3525,3100,3320,3008,2383,2950
12/4/2022 16:15,3513,3100,3369,3005,2363,2950
12/4/2022 16:16,3513,3100,3613,3011,2343,2950
12/4/2022 16:16,3513,3100,3613,3008,2383,2950
12/4/2022 16:16,3506,3100,3760,3029,2443,2950
12/4/2022 16:16,3500,3100,4492,3022,2383,2950
12/4/2022 16:16,3494,3100,3174,3016,2363,2950
12/4/2022 16:16,3494,3100,3955,3021,2443,2950
12/4/2022 16:17,3494,3100,3174,3020,2453,2950
12/4/2022 16:17,3488,3100,3711,3013,2443,2950
12/4/2022 16:17,3488,3200,3320,3007,2453,2950
12/4/2022 16:17,3481,3200,3223,3004,2443,2950
12/4/2022 16:17,3475,3200,3516,3004,2443,2940
12/4/2022 16:18,3481,3200,3711,3008,2423,2940
12/4/2022 16:18,3475,3200,4297,3014,2443,2940
12/4/2022 16:18,3469,3200,3564,3004,2433,2940
12/4/2022 16:18,3469,3200,3271,3000,2433,2930
12/4/2022 16:18,3463,3200,3174,3004,2393,2930
12/4/2022 16:18,3456,3200,4053,3001,2423,2930
12/4/2022 16:19,3456,3200,3613,3007,2433,2930
12/4/2022 16:19,3456,3200,3271,3014,2463,2940
12/4/2022 16:19,3450,3100,3174,3021,2463,2940
12/4/2022 16:19,3450,3100,3857,3024,2433,2940
12/4/2022 16:19,3444,3100,3418,3026,2463,2940
12/4/2022 16:19,3438,3100,3223,3019,2433,2950
12/4/2022 16:20,3438,3100,3760,3027,2473,2940
12/4/2022 16:20,3431,3100,3271,3032,2463,2950
12/4/2022 16:20,3431,3200,3516,3032,2423,2950
12/4/2022 16:20,3431,3200,3809,3037,2433,2950
12/4/2022 16:20,3419,3100,3320,3031,2453,2950
12/4/2022 16:21,3419,3100,3174,3027,2463,2960
12/4/2022 16:21,3419,3100,3564,3022,2413,2960
12/4/2022 16:21,3413,3100,3955,3026,2413,2960
12/4/2022 16:21,3413,3100,3955,3025,2453,2960
12/4/2022 16:21,3406,3100,3418,3022,2453,2960
12/4/2022 16:21,3406,3100,3369,3018,2443,2960
12/4/2022 16:22,3406,3100,3955,3015,2453,2960
12/4/2022 16:22,3400,3100,3223,3015,2433,2950
12/4/2022 16:22,3394,3100,3418,3015,2433,2950
12/4/2022 16:22,3394,3100,3955,3017,2443,2950
12/4/2022 16:22,3388,3100,3467,3022,2433,2950
12/4/2022 16:22,3388,3100,3467,3018,2453,2950
12/4/2022 16:23,3388,3100,4297,3029,2433,2950
12/4/2022 16:23,3381,3100,3760,3030,2453,2940
12/4/2022 16:23,3381,3100,3613,3032,2443,2940
12/4/2022 16:23,3381,3100,3467,3041,2463,2950
12/4/2022 16:23,3375,3100,4053,3044,2473,2950
12/4/2022 16:24,3369,3100,3369,3037,2453,2950
12/4/2022 16:24,3369,3100,3906,3038,2463,2950
12/4/2022 16:24,3363,3100,4541,3045,2463,2950
12/4/2022 16:24,3363,3200,3271,3031,2423,2960
12/4/2022 16:24,3356,3200,3271,3031,2443,2950
12/4/2022 16:24,3356,3200,3564,3035,2443,2950
12/4/2022 16:25,3350,3100,3467,3025,2433,2950
12/4/2022 16:25,3350,3100,3369,3018,2433,2950
12/4/2022 16:25,3350,3100,3418,3022,2453,2940
12/4/2022 16:25,3344,3100,3467,3037,2453,2940
12/4/2022 16:25,3344,3100,3662,3034,2443,2950
12/4/2022 16:25,3338,3100,4102,3027,2443,2950
12/4/2022 16:26,3338,3100,3760,3024,2423,2940
12/4/2022 16:26,3331,3100,3662,3043,2463,2940
12/4/2022 16:26,3331,3100,3662,3049,2483,2950
12/4/2022 16:26,3331,3100,3662,3055,2483,2950
12/4/2022 16:26,3325,3100,3613,3059,2473,2960
12/4/2022 16:27,3331,3100,3174,3045,2453,2960
12/4/2022 16:27,3325,3100,3223,3042,2473,2960
12/4/2022 16:27,3319,3100,4199,3054,2423,2960
12/4/2022 16:27,3319,3100,3711,3052,2443,2960
12/4/2022 16:27,3313,3100,3467,3051,2473,2960
12/4/2022 16:27,3313,3100,3320,3048,2443,2970
12/4/2022 16:28,3306,3100,3223,3042,2443,2960
12/4/2022 16:28,3306,3100,3223,3037,2433,2960
12/4/2022 16:28,3300,3100,3467,3041,2443,2960
12/4/2022 16:28,3300,3100,3271,3042,2443,2960
12/4/2022 16:28,3294,3100,3369,3046,2453,2960
12/4/2022 16:28,3294,3100,3223,3047,2443,2960
12/4/2022 16:29,3288,3200,3564,3042,2443,2960
12/4/2022 16:29,3288,3200,3760,3055,2453,2960
12/4/2022 16:29,3288,3200,3711,3051,2463,2960
12/4/2022 16:29,3275,3200,4150,3060,2463,2960
12/4/2022 16:29,3275,3200,3223,3051,2443,2960
12/4/2022 16:30,3275,3200,3613,3062,2453,2960
12/4/2022 16:30,3269,3200,3467,3055,2443,2960
12/4/2022 16:30,3263,3200,3613,3052,2423,2960
12/4/2022 16:30,3263,3200,3320,3047,2433,2960
12/4/2022 16:30,3256,3200,3467,3048,2413,2960
12/4/2022 16:30,3256,3200,4492,3041,2423,2960
12/4/2022 16:31,3256,3200,3223,3038,2423,2960
12/4/2022 16:31,3250,3200,3564,3037,2413,2960
12/4/2022 16:31,3244,3200,3613,3033,2413,2950
12/4/2022 16:31,3244,3200,3564,3032,2423,2950
12/4/2022 16:31,3244,3200,3467,3029,2423,2950
12/4/2022 16:31,3244,3200,4541,3037,2433,2950
12/4/2022 16:32,3238,3200,3320,3039,2443,2950
12/4/2022 16:32,3238,3200,3369,3039,2433,2940
12/4/2022 16:32,3231,3200,3320,3041,2443,2950
12/4/2022 16:32,3238,3200,3369,3037,2423,2950
12/4/2022 16:32,3231,3200,3467,3034,2423,2950
12/4/2022 16:33,3225,3200,3369,3032,2413,2950
12/4/2022 16:33,3225,3200,3467,3029,2403,2950
12/4/2022 16:33,3231,3200,3857,3027,2403,2950
12/4/2022 16:33,3225,3200,3271,3024,2403,2940
12/4/2022 16:33,3219,3200,3467,3025,2413,2940
12/4/2022 16:33,3219,3200,3516,3028,2403,2940
12/4/2022 16:34,3219,3200,3760,3025,2423,2940
12/4/2022 16:34,3213,3200,3174,3024,2423,2930
12/4/2022 16:34,3213,3100,3418,3024,2433,2930
12/4/2022 16:34,3213,3100,3613,3022,2443,2930
12/4/2022 16:34,3206,3100,3955,3021,2423,2930
12/4/2022 16:34,3200,3100,3613,3020,2423,2930
12/4/2022 16:35,3200,3100,3857,3019,2413,2930
12/4/2022 16:35,3194,3100,3174,3020,2413,2930
12/4/2022 16:35,3200,3100,3271,3015,2413,2930
12/4/2022 16:35,3194,3100,3125,3011,2433,2930
12/4/2022 16:35,3200,3100,3271,3012,2433,2930
12/4/2022 16:36,3194,3100,3418,3015,2453,2920
12/4/2022 16:36,3194,3100,3467,3014,2443,2920
12/4/2022 16:36,3187,3100,3174,3014,2413,2920
12/4/2022 16:36,3187,3100,3174,3013,2403,2920
12/4/2022 16:36,3187,3100,3174,3018,2423,2920
12/4/2022 16:36,3181,3100,3223,3020,2433,2930
12/4/2022 16:37,3181,3100,3174,3018,2443,2930
12/4/2022 16:37,3181,3100,4492,3017,2433,2930
12/4/2022 16:37,3175,3100,3223,3018,2423,2930
12/4/2022 16:37,3175,3100,4102,3019,2423,2930
12/4/2022 16:37,3169,3100,3418,3020,2433,2930
12/4/2022 16:37,3169,3100,3271,3024,2433,2930
12/4/2022 16:38,3162,3100,3418,3029,2423,2930
12/4/2022 16:38,3162,3100,3711,3026,2403,2930
12/4/2022 16:38,3156,3100,3223,3028,2433,2930
12/4/2022 16:38,3156,3100,3320,3022,2423,2940
12/4/2022 16:38,3156,3100,3662,3028,2423,2930
12/4/2022 16:39,3150,3100,4102,3026,2413,2930
12/4/2022 16:39,3150,3100,3223,3027,2423,2930
12/4/2022 16:39,3150,3100,3223,3025,2423,2930
12/4/2022 16:39,3150,3100,3613,3030,2413,2940
12/4/2022 16:39,3144,3100,3223,3033,2423,2940
12/4/2022 16:39,3144,3100,3662,3034,2403,2940
12/4/2022 16:40,3137,3100,4395,3035,2413,2940
12/4/2022 16:40,3137,3100,3711,3036,2413,2940
12/4/2022 16:40,3137,3100,3271,3035,2413,2940
12/4/2022 16:40,3131,3100,3564,3033,2413,2940
12/4/2022 16:40,3131,3100,3174,3035,2413,2940
12/4/2022 16:40,3131,3100,3711,3042,2423,2940
12/4/2022 16:41,3125,3100,3174,3041,2403,2940
12/4/2022 16:41,3125,3100,3320,3037,2403,2940
12/4/2022 16:41,3119,3100,4443,3042,2413,2940
12/4/2022 16:41,3119,3100,3711,3047,2423,2950
12/4/2022 16:41,3119,3100,3369,3050,2413,2950
12/4/2022 16:42,3112,3100,3857,3048,2413,2950
12/4/2022 16:42,3119,3100,3223,3058,2433,2950
12/4/2022 16:42,3112,3100,4297,3062,2413,2960
12/4/2022 16:42,3112,3100,3467,3061,2413,2960
12/4/2022 16:42,3112,3100,3418,3060,2403,2960
12/4/2022 16:42,3106,3100,3271,3074,2403,2960
12/4/2022 16:43,3106,3100,4102,3066,2413,2970
12/4/2022 16:43,3106,3100,3418,3058,2413,2970
12/4/2022 16:43,3106,3100,4199,3063,2413,2970
12/4/2022 16:43,3100,3100,4004,3059,2423,2970
12/4/2022 16:43,3100,3100,3418,3059,2413,2970
12/4/2022 16:43,3094,3100,3223,3052,2403,2970
12/4/2022 16:44,3094,3100,3516,3056,2413,2970
12/4/2022 16:44,3100,3100,3711,3049,2383,2970
12/4/2022 16:44,3094,3100,3418,3044,2403,2960
12/4/2022 16:44,3087,3100,3271,3044,2403,2960
12/4/2022 16:44,3087,3100,3369,3048,2423,2960
12/4/2022 16:45,3087,3100,3516,3048,2433,2960
12/4/2022 16:45,3081,3100,3760,3048,2403,2960
12/4/2022 16:45,3081,3100,3223,3051,2403,2960
12/4/2022 16:45,3081,3100,3174,3042,2413,2960
12/4/2022 16:45,3081,3100,4199,3037,2393,2960
12/4/2022 16:45,3075,3100,3516,3032,2383,2960
12/4/2022 16:46,3075,3100,4053,3039,2373,2950
12/4/2022 16:46,3075,3100,3711,3044,2413,2950
12/4/2022 16:46,3069,3100,3271,3037,2413,2950
12/4/2022 16:46,3069,3100,4297,3032,2383,2950
12/4/2022 16:46,3069,3100,4053,3027,2373,2940
12/4/2022 16:46,3069,3100,3613,3032,2383,2940
12/4/2022 16:47,3069,3100,3174,3041,2413,2940
12/4/2022 16:47,3062,3100,3613,3028,2383,2940
12/4/2022 16:47,3062,3100,3271,3024,2363,2940
12/4/2022 16:47,3062,3100,3418,3027,2373,2930
12/4/2022 16:47,3056,3100,4297,3031,2403,2930
12/4/2022 16:48,3056,3100,3418,3036,2413,2930
12/4/2022 16:48,3056,3100,3662,3029,2393,2930
12/4/2022 16:48,3056,3100,3857,3032,2383,2930
12/4/2022 16:48,3056,3100,3467,3033,2383,2930
12/4/2022 16:48,3050,3100,4053,3033,2393,2930
12/4/2022 16:48,3050,3100,3613,3029,2393,2930
12/4/2022 16:49,3050,3100,3174,3021,2403,2930
12/4/2022 16:49,3044,3100,3125,3017,2403,2930
12/4/2022 16:49,3044,3100,3662,3018,2393,2920
12/4/2022 16:49,3044,3100,3809,3025,2413,2920
12/4/2022 16:49,3044,3100,3516,3032,2413,2920
12/4/2022 16:49,3037,3100,4541,3032,2403,2930
12/4/2022 16:50,3031,3100,3418,3027,2403,2930
12/4/2022 16:50,3031,3100,3271,3028,2403,2930
12/4/2022 16:50,3031,3100,3125,3032,2413,2930
12/4/2022 16:50,3025,3100,3418,3025,2393,2930
12/4/2022 16:50,3019,3100,3320,3020,2383,2930
12/4/2022 16:51,3019,3100,3320,3020,2383,2920
12/4/2022 16:51,3019,3100,3516,3022,2373,2920
12/4/2022 16:51,3012,3100,4004,3018,2383,2920
12/4/2022 16:51,3012,3100,4102,3013,2373,2920
12/4/2022 16:51,3006,3100,3564,3009,2363,2920
12/4/2022 16:51,3006,3100,3711,3009,2373,2910
12/4/2022 16:52,3006,3100,3174,3014,2403,2910
12/4/2022 16:52,3000,3100,3564,3012,2393,2910
12/4/2022 16:52,3000,3100,4102,3018,2393,2910
12/4/2022 16:52,2994,3100,3711,3014,2383,2910
12/4/2022 16:52,2994,3100,3320,3012,2393,2910
12/4/2022 16:52,2994,3100,3516,3011,2403,2910
12/4/2022 16:53,2994,3100,3369,3012,2393,2910
12/4/2022 16:53,2987,3100,3223,3015,2403,2910
12/4/2022 16:53,2987,3100,3564,3013,2383,2910
12/4/2022 16:53,2987,3100,3711,3015,2383,2910
12/4/2022 16:53,2987,3100,3320,3014,2393,2910
12/4/2022 16:54,2981,3100,3857,3009,2393,2920
12/4/2022 16:54,2987,3100,3711,3004,2393,2910
12/4/2022 16:54,2981,3100,3760,3011,2393,2910
12/4/2022 16:54,2981,3100,3320,3008,2393,2910
12/4/2022 16:54,2975,3100,3174,3012,2393,2910
12/4/2022 16:54,2981,3100,3564,3009,2393,2910
12/4/2022 16:55,2975,3100,3125,3011,2383,2920
12/4/2022 16:55,2969,3100,3174,3011,2383,2910
12/4/2022 16:55,2975,3100,3662,3015,2393,2920
12/4/2022 16:55,2969,3100,3174,3014,2393,2920
12/4/2022 16:55,2969,3100,3418,3012,2403,2920
12/4/2022 16:55,2969,3100,3369,3015,2403,2920
12/4/2022 16:56,2962,3100,3711,3015,2383,2920
12/4/2022 16:56,2962,3100,3418,3018,2393,2920
12/4/2022 16:56,2962,3100,3223,3012,2383,2920
12/4/2022 16:56,2956,3100,3418,3012,2353,2920
12/4/2022 16:56,2956,3100,3857,3018,2363,2920
12/4/2022 16:57,2962,3100,3516,3018,2363,2920
12/4/2022 16:57,2950,3100,3906,3009,2363,2930
12/4/2022 16:57,2956,3100,3857,3012,2363,2920
12/4/2022 16:57,2956,3100,3223,3022,2343,2920
12/4/2022 16:57,2950,3100,3320,3014,2363,2920
12/4/2022 16:57,2950,3100,4004,3010,2363,2920
12/4/2022 16:58,2950,3100,3662,3005,2373,2920
12/4/2022 16:58,2950,3100,3369,2998,2363,2910
12/4/2022 16:58,2950,3100,3223,2998,2363,2910
12/4/2022 16:58,2950,3100,3125,3003,2373,2910
12/4/2022 16:58,2950,3100,4443,3008,2363,2900
12/4/2022 16:58,2944,3100,3174,3006,2343,2910
12/4/2022 16:59,2944,3100,3125,3012,2343,2910
12/4/2022 16:59,2937,3100,3125,3016,2353,2910
12/4/2022 16:59,2944,3100,3760,3022,2343,2910
12/4/2022 16:59,2937,3100,3125,3024,2353,2920
12/4/2022 16:59,2937,3100,3174,3022,2343,2920
12/4/2022 17:00,2937,3000,3662,3025,2343,2930
12/4/2022 17:00,2937,3000,3809,3026,2343,2930
12/4/2022 17:00,2931,3000,3174,3024,2343,2930
12/4/2022 17:00,2931,3000,3613,3024,2363,2930
12/4/2022 17:00,2925,3000,3320,3022,2383,2930
12/4/2022 17:00,2925,3000,3613,3024,2393,2930
12/4/2022 17:01,2925,3000,3369,3029,2373,2930
12/4/2022 17:01,2919,3000,3516,3021,2363,2930
12/4/2022 17:01,2925,3000,3613,3020,2333,2930
12/4/2022 17:01,2919,3100,3174,3018,2343,2930
12/4/2022 17:01,2925,3100,4004,3022,2373,2930
12/4/2022 17:01,2925,3100,3125,3024,2383,2920
12/4/2022 17:02,2919,3100,3320,3014,2363,2920
12/4/2022 17:02,2919,3100,3125,3016,2393,2920
12/4/2022 17:02,2925,3100,3174,3027,2353,2920
12/4/2022 17:02,2919,3100,3418,3036,2433,2930
12/4/2022 17:02,2912,3100,3613,3050,2403,2930
12/4/2022 17:03,2912,3000,4443,3046,2433,2930
12/4/2022 17:03,2912,3000,3125,3032,2403,2940
12/4/2022 17:03,2912,3000,3613,3034,2393,2940
12/4/2022 17:03,2912,3000,3369,3034,2383,2940
12/4/2022 17:03,2912,3000,3125,3030,2393,2940
12/4/2022 17:03,2906,3000,3467,3028,2383,2940
12/4/2022 17:04,2906,3000,3613,3024,2413,2940
12/4/2022 17:04,2906,3000,3320,3011,2403,2940
12/4/2022 17:04,2906,3000,3418,3004,2403,2940
12/4/2022 17:04,2906,3100,3223,3000,2403,2930
12/4/2022 17:04,2906,3100,3516,3001,2403,2930
12/4/2022 17:04,2900,3100,3174,3005,2403,2920
12/4/2022 17:05,2900,3100,3369,3000,2393,2920
12/4/2022 17:05,2900,3100,3564,2998,2393,2910
12/4/2022 17:05,2894,3100,3223,2994,2383,2910
12/4/2022 17:05,2894,3100,4443,2988,2393,2910
12/4/2022 17:05,2887,3100,3271,2982,2403,2900
12/4/2022 17:06,2894,3100,3906,2978,2393,2900
12/4/2022 17:06,2894,3100,3467,2977,2393,2890
12/4/2022 17:06,2887,3100,3418,2973,2383,2890
12/4/2022 17:06,2881,3100,3174,2971,2383,2880
12/4/2022 17:06,2887,3100,4443,2974,2393,2880
12/4/2022 17:06,2881,3100,3076,3001,2433,2880
12/4/2022 17:07,2881,3100,3369,3009,2393,2880
12/4/2022 17:07,2881,3100,4297,3015,2403,2890
12/4/2022 17:07,2881,3100,3760,3020,2403,2890
12/4/2022 17:07,2875,3100,3613,3030,2413,2900
12/4/2022 17:07,2875,3100,3369,3043,2413,2900
12/4/2022 17:07,2875,3100,3125,3043,2403,2910
12/4/2022 17:08,2869,3100,3662,3051,2403,2920
12/4/2022 17:08,2875,3100,3564,3061,2413,2930
12/4/2022 17:08,2869,3100,3857,3063,2423,2930
12/4/2022 17:08,2869,3100,3857,3056,2403,2940
12/4/2022 17:08,2869,3000,3223,3051,2383,2940
12/4/2022 17:09,2869,3000,3320,3061,2413,2940
12/4/2022 17:09,2869,3100,3906,3056,2403,2940
12/4/2022 17:09,2869,3100,3662,3055,2423,2950
12/4/2022 17:09,2869,3100,3369,3051,2423,2950
12/4/2022 17:09,2862,3100,3369,3069,2413,2950
12/4/2022 17:09,2862,3100,3711,3044,2443,2950
12/4/2022 17:10,2862,3100,3076,3022,2574,2950
12/4/2022 17:10,2862,3100,3076,3002,2564,2950
12/4/2022 17:10,2856,3000,3125,3033,2453,2940
12/4/2022 17:10,2856,3000,3516,3024,2463,2940
12/4/2022 17:10,2856,3000,3320,3009,2493,2930
12/4/2022 17:10,2856,3000,3564,3009,2554,2930
12/4/2022 17:11,2856,3000,3564,2988,2574,2920
12/4/2022 17:11,2850,3000,3320,2971,2594,2920
12/4/2022 17:11,2850,3000,3174,2956,2574,2910
12/4/2022 17:11,2850,3000,3613,2975,2483,2890
12/4/2022 17:11,2850,3000,3076,2998,2403,2880
12/4/2022 17:12,2850,3000,3223,3020,2393,2880
12/4/2022 17:12,2844,3000,3174,3038,2393,2880
12/4/2022 17:12,2850,3000,3467,3051,2413,2880
12/4/2022 17:12,2844,3000,3613,3046,2393,2890
12/4/2022 17:12,2850,3100,3564,3040,2403,2900
12/4/2022 17:12,2850,3100,3760,3039,2403,2900
12/4/2022 17:13,2850,3100,4395,3032,2403,2900
12/4/2022 17:13,2856,3100,3369,3028,2403,2900
12/4/2022 17:13,2850,3100,3516,3025,2423,2900
12/4/2022 17:13,2850,3100,3613,3021,2413,2900
12/4/2022 17:13,2856,3100,3223,3020,2403,2900
12/4/2022 17:13,2856,3100,3613,3027,2403,2900
12/4/2022 17:14,2850,3100,3174,3027,2393,2900
12/4/2022 17:14,2850,3100,3125,3001,2403,2900
12/4/2022 17:14,2850,3100,3125,3025,2433,2890
12/4/2022 17:14,2856,3100,3418,3032,2413,2890
12/4/2022 17:14,2850,3100,3125,3027,2413,2900
12/4/2022 17:14,2850,3100,3418,3034,2433,2900
12/4/2022 17:15,2844,3100,3223,3036,2433,2900
12/4/2022 17:15,2850,3100,3662,3037,2433,2910
12/4/2022 17:15,2850,3100,3564,3045,2423,2910
12/4/2022 17:15,2850,3100,3223,3044,2423,2910
12/4/2022 17:15,2850,3100,3125,3046,2423,2920
12/4/2022 17:16,2844,3100,3711,3043,2493,2920
12/4/2022 17:16,2844,3100,3564,3036,2513,2920
12/4/2022 17:16,2844,3100,3711,3041,2493,2920
12/4/2022 17:16,2844,3100,3320,3041,2533,2930
12/4/2022 17:16,2844,3100,3564,3034,2523,2930
12/4/2022 17:16,2844,3100,3857,3030,2523,2930
12/4/2022 17:17,2837,3100,3271,3045,2513,2930
12/4/2022 17:17,2837,3100,3320,3048,2513,2930
12/4/2022 17:17,2837,3100,3125,3063,2523,2930
12/4/2022 17:17,2837,3100,3760,3072,2513,2940
12/4/2022 17:17,2831,3100,3223,3067,2513,2940
12/4/2022 17:17,2831,3100,3516,3068,2493,2950
12/4/2022 17:18,2837,3100,3320,3065,2523,2950
12/4/2022 17:18,2837,3100,3369,3072,2523,2950
12/4/2022 17:18,2837,3100,3271,3062,2483,2950
12/4/2022 17:18,2831,3100,3760,3054,2483,2950
12/4/2022 17:18,2837,3100,4639,3048,2483,2950
12/4/2022 17:19,2831,3100,3320,3061,2533,2940
12/4/2022 17:19,2831,3100,3223,3061,2564,2940
12/4/2022 17:19,2831,3100,3662,3055,2554,2940
12/4/2022 17:19,2825,3100,3760,3064,2574,2940
12/4/2022 17:19,2831,3100,3760,3066,2544,2940
12/4/2022 17:19,2837,3100,3662,3034,2523,2950
12/4/2022 17:20,2837,3100,3516,3031,2523,2940
12/4/2022 17:20,2831,3100,3564,3041,2554,2940
12/4/2022 17:20,2831,3100,4199,3062,2574,2940
12/4/2022 17:20,2837,3100,3223,3065,2574,2940
12/4/2022 17:20,2831,3100,3271,3056,2554,2940
12/4/2022 17:20,2837,3100,4590,3062,2574,2940
12/4/2022 17:21,2837,3100,3174,3079,2604,2940
12/4/2022 17:21,2837,3100,3174,3088,2624,2950
12/4/2022 17:21,2837,3100,3564,3078,2564,2960
12/4/2022 17:21,2831,3100,3809,3073,2574,2960
12/4/2022 17:21,2837,3100,3467,3084,2604,2960
12/4/2022 17:22,2837,3100,3516,3087,2564,2960
12/4/2022 17:22,2837,3100,3271,3079,2604,2960
12/4/2022 17:22,2844,3100,3955,3090,2614,2960
12/4/2022 17:22,2837,3100,3174,3106,2624,2970
12/4/2022 17:22,2831,3100,4395,3116,2594,2970
12/4/2022 17:22,2806,3100,3223,3110,2533,2980
12/4/2022 17:23,2812,3100,3369,3117,2584,2980
12/4/2022 17:23,2819,3200,3174,3116,2716,2980
12/4/2022 17:23,2819,3200,3564,3114,2675,2990
12/4/2022 17:23,2819,3100,3271,3110,2594,2990
12/4/2022 17:23,2819,3100,3271,3103,2604,2990
12/4/2022 17:23,2819,3100,3613,3106,2574,2990
12/4/2022 17:24,2819,3100,4004,3103,2564,2990
12/4/2022 17:24,2819,3100,3809,3115,2624,2990
12/4/2022 17:24,2819,3100,3174,3117,2705,2990
12/4/2022 17:24,2819,3100,3369,3109,2655,2990
12/4/2022 17:24,2819,3100,3369,3109,2594,2990
12/4/2022 17:25,2819,3100,3271,3102,2584,2990
12/4/2022 17:25,2819,3100,3223,3112,2574,2990
12/4/2022 17:25,2819,3100,4736,3110,2614,2990
12/4/2022 17:25,2819,3100,3711,3107,2584,2990
12/4/2022 17:25,2819,3100,3760,3109,2574,2990
12/4/2022 17:25,2819,3100,4688,3109,2594,3000
12/4/2022 17:26,2825,3100,3320,3110,2604,3000
12/4/2022 17:26,2819,3100,3809,3107,2604,3000
12/4/2022 17:26,2825,3100,4297,3116,2624,3000
12/4/2022 17:26,2825,3100,3271,3117,2614,3000
12/4/2022 17:26,2825,3100,3223,3117,2594,3000
12/4/2022 17:26,2825,3100,3320,3108,2634,3000
12/4/2022 17:27,2825,3100,4639,3110,2614,3000
12/4/2022 17:27,2825,3100,3320,3098,2574,3000
12/4/2022 17:27,2819,3100,3174,3092,2574,3000
12/4/2022 17:27,2819,3100,3418,3100,2614,3000
12/4/2022 17:27,2819,3100,3223,3103,2645,3000
12/4/2022 17:28,2825,3100,3271,3111,2634,3000
12/4/2022 17:28,2825,3100,4785,3114,2726,3000
12/4/2022 17:28,2819,3100,3223,3110,2624,3000
12/4/2022 17:28,2825,3100,3711,3118,2655,3000
12/4/2022 17:28,2819,3100,4834,3116,2614,3000
12/4/2022 17:28,2806,3100,3467,3112,2614,3000
12/4/2022 17:29,2812,3100,3760,3125,2675,3000
12/4/2022 17:29,2812,3100,3467,3122,2675,3000
12/4/2022 17:29,2806,3100,4932,3123,2767,3000
12/4/2022 17:29,2812,3100,3174,3125,2716,3000
12/4/2022 17:29,2812,3100,3613,3108,2614,3000
12/4/2022 17:29,2812,3100,3369,3102,2614,3000
12/4/2022 17:30,2806,3100,3271,3096,2614,2990
12/4/2022 17:30,2812,3100,3516,3100,2634,2990
12/4/2022 17:30,2806,3100,3223,3115,2675,2980
12/4/2022 17:30,2812,3100,3516,3126,2665,2980
12/4/2022 17:30,2819,3100,3760,3123,2665,2990
12/4/2022 17:31,2819,3100,3662,3134,2645,2990
12/4/2022 17:31,2825,3100,3662,3139,2675,2990
12/4/2022 17:31,2825,3100,3711,3138,2655,3000
12/4/2022 17:31,2825,3200,3516,3140,2655,3000
12/4/2022 17:31,2819,3200,3369,3136,2685,3010
12/4/2022 17:31,2819,3100,3564,3141,2695,3010
12/4/2022 17:32,2825,3100,3418,3128,2645,3010
12/4/2022 17:32,2825,3100,3564,3122,2675,3010
12/4/2022 17:32,2825,3200,3271,3122,2634,3010
12/4/2022 17:32,2825,3200,3809,3130,2716,3010
12/4/2022 17:32,2825,3200,3467,3133,2675,3010
12/4/2022 17:32,2825,3200,3271,3137,2675,3010
12/4/2022 17:33,2819,3200,3857,3121,2624,3010
12/4/2022 17:33,2812,3200,3760,3109,2604,3010
12/4/2022 17:33,2812,3200,4395,3123,2634,3000
12/4/2022 17:33,2812,3200,3711,3130,2685,3000
12/4/2022 17:33,2806,3200,3418,3140,2655,3000
12/4/2022 17:34,2806,3200,3271,3136,2665,3000
12/4/2022 17:34,2800,3200,4590,3139,2736,3010
12/4/2022 17:34,2806,3200,3320,3139,2685,3010
12/4/2022 17:34,2806,3100,3223,3144,2767,3010
12/4/2022 17:34,2806,3100,3320,3137,2685,3000
12/4/2022 17:34,2806,3100,3516,3120,2624,3000
12/4/2022 17:35,2800,3100,3613,3120,2665,3000
12/4/2022 17:35,2806,3100,3418,3110,2634,3000
12/4/2022 17:35,2806,3100,3857,3108,2624,2990
12/4/2022 17:35,2806,3100,3223,3090,2604,2990
12/4/2022 17:35,4281,3100,3662,3105,2705,2990
12/4/2022 17:35,4306,3100,3564,3109,2787,2990
12/4/2022 17:36,4750,3100,3516,3120,2716,2990
12/4/2022 17:36,4625,3100,3906,3126,2716,2990
12/4/2022 17:36,4731,3100,3760,3116,2695,2990
12/4/2022 17:36,4794,3100,3906,3131,2705,3000
12/4/2022 17:36,4750,3100,3320,3139,2705,3000
12/4/2022 17:37,5250,3100,4395,3140,2746,3000
12/4/2022 17:37,5225,3100,3809,3143,2746,3010
12/4/2022 17:37,5506,3100,4932,3143,2756,3010
12/4/2022 17:37,5856,3100,3320,3146,2777,3010
12/4/2022 17:37,5850,3100,3564,3140,2756,3020
12/4/2022 17:37,5931,3100,3320,3147,2736,3030
12/4/2022 17:38,5794,3100,4492,3155,2716,3030
12/4/2022 17:38,5863,3100,3467,3154,2756,3040
12/4/2022 17:38,6069,3100,3369,3168,2685,3040
12/4/2022 17:38,5931,3100,4199,3169,2645,3040
12/4/2022 17:38,6487,3100,3613,3177,2655,3050
12/4/2022 17:38,6644,3100,3564,3174,2655,3050
12/4/2022 17:39,6675,3100,3418,3177,2695,3060
12/4/2022 17:39,6431,3100,3369,3179,2705,3060
12/4/2022 17:39,7144,3100,4492,3176,2685,3070
12/4/2022 17:39,7475,3100,3418,3171,2705,3070
12/4/2022 17:39,7325,3100,3369,3177,2716,3070
12/4/2022 17:40,7287,3100,4590,3167,2685,3070
12/4/2022 17:40,7456,3100,3418,3168,2716,3070
12/4/2022 17:40,7594,3100,3906,3162,2705,3070
12/4/2022 17:40,7394,3100,3613,3168,2685,3070
12/4/2022 17:40,7506,3100,3711,3172,2675,3070
12/4/2022 17:40,8494,3100,3467,3172,2869,3070
12/4/2022 17:41,7162,3100,3516,3188,2828,3070
12/4/2022 17:41,7956,3100,3467,3193,2890,3070
12/4/2022 17:41,7969,3100,4053,3193,2911,3080
12/4/2022 17:41,8219,3100,4834,3202,2931,3080
12/4/2022 17:41,8244,3200,3564,3184,2931,3080
12/4/2022 17:41,8425,3200,3467,3192,2952,3080
12/4/2022 17:42,8881,3200,3613,3214,2911,3090
12/4/2022 17:42,8475,3200,3857,3227,2911,3090
12/4/2022 17:42,8856,3200,3955,3232,2983,3100
12/4/2022 17:42,7862,3200,3613,3231,2869,3110
12/4/2022 17:42,8225,3200,3809,3214,2983,3110
12/4/2022 17:43,8906,3200,4541,3200,3140,3110
12/4/2022 17:43,8737,3200,3418,3183,3098,3110
12/4/2022 17:43,8719,3200,3711,3171,3035,3110
12/4/2022 17:43,7619,3200,3809,3156,3014,3110
12/4/2022 17:43,7125,3200,4688,3147,2849,3100
12/4/2022 17:43,8762,3200,3418,3120,2726,3090
12/4/2022 17:44,9550,3200,3418,3098,2705,3090
12/4/2022 17:44,9394,3200,3906,3093,2716,3080
12/4/2022 17:44,10075,3200,3613,3089,2756,3070
12/4/2022 17:44,8300,3200,4395,3085,2736,3070
12/4/2022 17:44,8519,3200,3613,3075,2767,3060
12/4/2022 17:44,8300,3200,3613,3074,2746,3060
12/4/2022 17:45,9575,3200,4932,3069,2756,3050
12/4/2022 17:45,10244,3200,3662,3080,2756,3050
12/4/2022 17:45,10412,3200,3467,3082,2736,3040
12/4/2022 17:45,10119,3200,3369,3086,2736,3050
12/4/2022 17:45,9544,3200,3613,3097,2746,3050
12/4/2022 17:46,9625,3200,3418,3088,2756,3050
12/4/2022 17:46,8937,3200,4541,3077,2726,3060
12/4/2022 17:46,8819,3200,3320,3069,2726,3050
12/4/2022 17:46,8969,3200,3662,3065,2756,3050
12/4/2022 17:46,9612,3200,3418,3053,2736,3050
12/4/2022 17:46,10106,3200,3760,3065,2746,3040
12/4/2022 17:47,10419,3200,3857,3062,2746,3040
12/4/2022 17:47,10350,3200,3320,3055,2767,3040
12/4/2022 17:47,10381,3200,3320,3052,2685,3040
12/4/2022 17:47,8562,3200,3662,3058,2736,3040
12/4/2022 17:47,9731,3200,3418,3054,2726,3040
12/4/2022 17:47,10194,3200,3662,3050,2756,3040
12/4/2022 17:48,10300,3200,3906,3047,2736,3040
12/4/2022 17:48,10337,3200,3564,3051,2736,3040
12/4/2022 17:48,10294,3200,4883,3039,2705,3040
12/4/2022 17:48,10287,3200,3711,3033,2716,3030
12/4/2022 17:48,10294,3200,3516,3034,2705,3030
12/4/2022 17:49,10281,3200,3271,3027,2716,3030
12/4/2022 17:49,10287,3200,3369,3021,2736,3030
12/4/2022 17:49,10294,3200,3613,3027,2685,3020
12/4/2022 17:49,10262,3200,3320,3031,2726,3010
12/4/2022 17:49,10262,3200,4443,3036,2716,3010
12/4/2022 17:49,10244,3200,3271,3038,2726,3010
12/4/2022 17:50,10231,3200,3320,3039,2716,3020
12/4/2022 17:50,10412,3200,3857,3037,2726,3020
12/4/2022 17:50,10525,3200,4395,3049,2756,3010
12/4/2022 17:50,10575,3200,4639,3051,2726,3020
12/4/2022 17:50,10581,3200,3857,3056,2705,3020
12/4/2022 17:51,10637,3200,3857,3050,2705,3030
12/4/2022 17:51,10506,3200,3418,3045,2695,3030
12/4/2022 17:51,10506,3200,3809,3051,2716,3030
12/4/2022 17:51,10562,3200,3369,3044,2736,3030
12/4/2022 17:51,10569,3200,3760,3036,2736,3030
12/4/2022 17:51,10581,3200,3809,3038,2736,3030
12/4/2022 17:52,10569,3200,3320,3044,2716,3020
12/4/2022 17:52,10575,3200,3369,3047,2736,3020
12/4/2022 17:52,10600,3200,3906,3041,2726,3030
12/4/2022 17:52,10619,3200,3564,3038,2675,3030
12/4/2022 17:52,10606,3200,3906,3039,2695,3030
12/4/2022 17:52,10612,3200,4199,3044,2736,3030
12/4/2022 17:53,10681,3300,3662,3040,2716,3030
12/4/2022 17:53,10694,3300,3467,3034,2685,3030
12/4/2022 17:53,10712,3300,4639,3028,2716,3030
12/4/2022 17:53,10731,3300,3369,3023,2716,3020
12/4/2022 17:53,10606,3300,3662,3027,2695,3020
12/4/2022 17:54,10569,3300,4590,3032,2695,3020
12/4/2022 17:54,10600,3300,3564,3024,2655,3020
12/4/2022 17:54,10600,3300,4004,3032,2685,3020
12/4/2022 17:54,10625,3300,3418,3024,2645,3020
12/4/2022 17:54,10662,3300,3320,3022,2655,3020
12/4/2022 17:54,10687,3300,3369,3029,2665,3010
12/4/2022 17:55,10700,3300,3516,3030,2665,3010
12/4/2022 17:55,10662,3300,3906,3024,2655,3020
12/4/2022 17:55,10662,3300,3516,3019,2645,3020
12/4/2022 17:55,10669,3300,4590,3025,2634,3010
12/4/2022 17:55,10656,3200,3711,3019,2634,3010
12/4/2022 17:55,10687,3200,4395,3004,2655,3010
12/4/2022 17:56,10750,3200,3418,2998,2624,3010
12/4/2022 17:56,10812,3200,3613,3002,2604,3000
12/4/2022 17:56,9900,3200,3662,2999,2634,3000
12/4/2022 17:56,10581,3200,3320,2994,2624,3000
12/4/2022 17:56,10794,3200,3613,2992,2645,2990
12/4/2022 17:57,10850,3200,3857,2990,2665,2990
12/4/2022 17:57,10737,3200,3613,2987,2624,2990
12/4/2022 17:57,10656,3200,3418,2995,2634,2980
12/4/2022 17:57,10594,3200,3564,3002,2665,2980
12/4/2022 17:57,10594,3200,3467,3005,2675,2980
12/4/2022 17:57,10581,3200,4492,3005,2624,2990
12/4/2022 17:58,10594,3200,3467,3009,2634,2990
12/4/2022 17:58,10631,3200,3320,2999,2634,2990
12/4/2022 17:58,10637,3200,4004,2997,2604,2990
12/4/2022 17:58,10631,3200,3760,2992,2655,2990
12/4/2022 17:58,10662,3200,3613,2992,2665,2990
12/4/2022 17:58,10675,3200,3857,3001,2675,2980
12/4/2022 17:59,10656,3200,4199,2995,2655,2980
12/4/2022 17:59,10819,3200,3467,2982,2634,2980
12/4/2022 17:59,11287,3200,4541,2991,2655,2980
12/4/2022 17:59,11350,3200,4297,2991,2634,2970
12/4/2022 17:59,11331,3200,3955,2989,2614,2970
12/4/2022 18:00,11319,3200,4541,2987,2614,2970
12/4/2022 18:00,11294,3200,3320,2985,2634,2970
12/4/2022 18:00,11275,3200,3271,2984,2614,2970
12/4/2022 18:00,11250,3200,3320,2988,2624,2970
